ItemID,User 1,User 2,User 3,User 4,User 5
1,0.588,0.581,0.511,0.625,0.581
2,0.606,0.6,0.523,0.645,0.6
3,0.618,0.613,0.533,0.656,0.562
4,0.688,0.531,0.448,0.576,0.633
5,0.4,0.276,0.25,0.4,0.48
6,0.4,0.276,0.25,0.474,0.423
7,0.4,0.276,0.25,0.4,0.423
8,0.4,0.276,0.25,0.4,0.48
9,0.4,0.276,0.25,0.474,0.423
10,0.167,0.158,0.167,0.19,0.167
11,0.48,0.435,0.435,0.5,0.56
12,0.345,0.273,0.286,0.389,0.36
13,0.5,0.455,0.455,0.526,0.414
14,0.522,0.476,0.476,0.556,0.48
15,0.522,0.476,0.476,0.556,0.48
16,0.167,0.158,0.167,0.19,0.167
17,0.167,0.158,0.167,0.19,0.167
18,0.586,0.464,0.36,0.63,0.64
19,0.448,0.423,0.292,0.474,0.481
20,0.5,0.538,0.36,0.536,0.536
21,Visited,0.69,0.511,0.733,0.677
22,Visited,0.615,0.522,0.667,0.68
23,Visited,0.28,0.25,0.438,0.391
24,Visited,0.708,0.545,0.692,0.63
25,Visited,0.211,0.211,0.25,0.16
26,Visited,0.211,0.211,0.25,0.208
27,Visited,0.211,0.211,0.333,0.16
28,Visited,0.211,0.211,0.333,0.16
29,Visited,0.211,0.211,0.25,0.16
30,Visited,0.211,0.211,0.25,0.16
31,Visited,0.211,0.211,0.25,0.16
32,Visited,0.158,0.167,0.19,0.167
33,Visited,0.158,0.167,0.188,0.12
34,Visited,0.158,0.167,0.267,0.12
35,0.522,0.409,0.476,0.545,0.519
36,0.522,0.409,0.476,0.545,0.519
37,0.333,0.3,0.3,0.533,0.333
38,0.56,0.522,0.458,0.6,0.5
39,0.609,0.56,0.5,0.579,0.536
40,0.639,0.543,0.521,0.541,0.543
41,0.611,0.559,0.5,0.6,0.606
42,0.458,0.458,0.381,0.368,0.4
43,0.217,0.263,0.278,0.227,0.2
44,0.615,0.571,0.52,Visited,0.621
45,0.625,0.591,0.478,Visited,0.607
46,0.625,0.591,0.478,Visited,0.607
47,0.583,0.619,0.5,Visited,0.536
48,0.516,0.448,0.386,0.5,0.5
49,0.533,0.464,0.364,0.571,0.577
50,0.517,0.444,0.375,0.556,0.56
51,0.517,0.444,0.375,0.579,0.5
52,0.484,0.464,0.364,0.524,0.519
53,0.462,0.429,0.372,0.632,0.481
54,0.375,0.35,0.35,0.5,0.375
55,0.167,0.158,0.167,0.19,0.167
56,0.167,0.158,0.167,0.188,0.12
57,0.6,0.594,0.556,0.588,0.588
58,0.559,0.548,0.558,0.594,0.594
59,0.552,0.568,0.571,0.613,0.562
60,0.552,0.568,0.571,0.613,0.562
61,0.304,0.263,0.278,0.5,0.25
62,0.167,0.158,0.167,0.188,0.12
63,0.609,0.571,0.5,0.565,0.56
64,0.591,0.632,0.55,0.619,0.542
65,0.167,0.158,0.167,0.19,0.167
66,0.577,0.542,0.48,0.6,0.593
67,0.577,0.542,0.48,0.538,0.536
68,0.577,0.542,0.48,0.538,0.536
69,0.182,0.167,0.167,0.267,0.217
70,Visited,0.69,0.536,0.529,0.531
71,Visited,0.769,0.538,0.581,0.586
72,Visited,0.769,0.538,0.581,0.586
73,Visited,0.72,0.48,0.6,0.654
74,Visited,0.72,0.48,0.538,0.593
75,Visited,0.64,0.522,0.652,0.708
76,Visited,0.667,0.545,0.609,0.6
77,0.688,0.581,0.447,0.529,0.531
78,0.517,0.56,0.455,0.565,0.5
79,0.536,0.52,0.476,0.522,0.462
80,0.5,0.429,0.435,0.483,0.517
81,0.677,0.621,0.481,Visited,Visited
82,0.677,0.621,0.5,Visited,Visited
83,0.733,0.621,0.5,Visited,Visited
84,0.733,0.621,0.5,Visited,Visited
85,0.7,0.586,0.5,Visited,Visited
86,0.333,0.28,0.3,Visited,Visited
87,0.667,0.667,0.52,Visited,Visited
88,0.167,0.158,0.167,Visited,Visited
89,0.167,0.158,0.167,Visited,Visited
90,0.571,0.538,0.477,0.593,0.562
91,0.593,0.56,0.455,0.615,0.581
92,0.593,0.56,0.455,0.68,0.633
93,0.593,0.56,0.455,0.68,0.633
94,0.615,0.583,0.465,0.64,0.6
95,0.276,0.24,0.244,0.333,0.25
96,0.594,0.538,0.481,0.581,0.643
97,0.594,0.538,0.512,0.531,0.586
98,0.594,0.538,0.481,0.531,0.586
99,0.562,0.625,0.5,0.548,0.6
100,0.357,0.267,0.239,0.318,0.242
101,0.31,0.267,0.267,0.261,0.242
102,0.538,0.565,0.5,0.5,0.5
103,0.548,0.517,0.483,0.606,0.606
104,0.552,0.519,0.467,0.667,0.613
105,0.552,0.567,0.5,0.724,0.613
106,0.593,0.56,0.462,0.655,0.655
107,0.208,0.15,0.158,0.25,0.16
108,0.458,0.476,0.409,0.474,0.429
109,0.52,0.52,0.455,0.464,0.462
110,0.435,0.458,0.45,0.444,0.462
111,0.435,0.4,0.45,0.444,0.407
112,0.435,0.4,0.45,0.529,0.407
113,0.435,0.45,0.4,0.524,0.458
114,0.435,0.4,0.4,0.462,0.591
115,0.435,0.4,0.4,0.529,0.522
116,0.435,0.4,0.4,0.444,0.522
117,0.208,0.211,0.211,0.25,0.208
118,0.538,0.565,0.591,0.667,0.704
119,0.538,0.565,0.591,0.607,0.643
120,0.208,0.211,0.211,0.25,0.16
121,0.167,0.158,0.167,0.188,0.12
122,0.559,0.5,0.464,0.645,Visited
123,0.588,0.485,0.448,0.677,Visited
124,0.559,0.455,0.464,0.7,Visited
125,0.545,0.481,0.5,0.633,Visited
126,0.536,0.5,0.52,0.6,Visited
127,0.556,0.52,0.542,0.621,Visited
128,0.208,0.211,0.211,0.25,Visited
129,0.208,0.211,0.211,0.25,Visited
130,0.387,0.524,0.409,0.4,0.462
131,0.346,0.346,0.333,0.368,0.4
132,0.28,0.28,0.3,0.278,0.28
133,0.5,0.524,0.476,0.522,0.652
134,0.381,0.389,0.412,0.571,0.348
135,0.167,0.158,0.167,0.188,0.12
136,0.643,0.577,0.4,0.692,0.708
137,0.643,0.577,0.4,0.692,0.708
138,0.586,0.577,0.4,0.571,0.577
139,0.607,0.6,0.417,0.632,0.6
140,0.774,0.613,0.605,0.767,0.656
141,0.167,0.158,0.235,0.188,0.12
142,0.167,0.158,0.167,0.188,0.12
143,0.643,0.591,0.545,0.76,0.64
144,0.643,0.591,0.545,0.692,0.63
145,0.607,0.619,0.571,0.654,0.654
146,0.697,0.594,0.489,0.543,0.5
147,0.667,0.562,0.468,0.559,0.562
148,0.667,0.562,0.5,0.559,0.515
149,0.636,0.536,0.511,0.486,0.486
150,0.619,0.565,0.5,0.588,0.5
151,0.545,0.5,0.429,0.5,0.5
152,0.5,0.522,0.333,Visited,0.522
153,0.5,0.458,0.381,Visited,0.458
154,0.571,0.458,0.45,Visited,0.407
155,0.571,0.458,0.45,Visited,0.407
156,0.609,0.65,0.6,0.636,0.56
157,0.25,0.368,0.389,0.318,0.25
158,0.208,0.316,0.333,0.333,0.25
159,Visited,0.357,0.348,0.381,0.407
160,Visited,0.571,0.432,0.516,0.517
161,Visited,0.519,0.4,0.517,0.517
162,Visited,0.391,0.348,0.45,0.367
163,Visited,0.292,0.304,0.333,0.276
164,Visited,0.421,0.444,0.333,0.286
165,Visited,0.158,0.167,0.19,0.167
166,0.435,0.45,0.45,0.524,0.591
167,0.357,0.35,0.35,0.5,0.435
168,0.393,0.4,0.4,0.476,0.545
169,0.476,0.5,0.5,0.5,0.435
170,0.167,0.158,0.167,0.19,0.167
171,0.4,0.321,0.25,0.429,0.464
172,0.4,0.321,0.25,0.4,0.414
173,0.167,0.158,0.167,0.19,0.167
174,0.478,0.5,0.45,0.5,0.429
175,0.478,0.5,0.45,0.5,0.429
176,0.478,0.5,0.45,0.5,0.429
177,0.478,0.5,0.45,0.5,0.429
178,0.5,0.526,0.474,0.524,0.407
179,0.512,0.549,0.551,0.579,0.579
180,0.487,0.562,0.565,0.6,0.6
181,0.576,0.469,0.467,0.667,0.613
182,0.333,0.259,0.293,0.471,0.37
183,0.167,0.158,0.167,0.188,0.12
184,0.167,0.158,0.167,0.19,0.167
185,0.167,0.158,0.167,0.188,0.12
186,0.6,0.667,0.5,0.593,0.6
187,0.56,0.625,0.524,0.5,0.56
188,0.579,0.618,0.542,0.568,0.528
189,0.686,0.588,0.587,0.5,0.5
190,0.657,0.606,0.565,0.556,0.514
191,0.629,0.677,0.543,0.618,0.529
192,0.618,0.613,0.568,0.514,0.515
193,0.577,0.542,0.48,0.667,0.536
194,0.577,0.542,0.512,0.6,0.484
195,0.577,0.542,0.48,0.667,0.536
196,0.167,0.158,0.167,0.19,0.167
197,0.545,0.5,0.364,0.588,0.5
198,0.545,0.5,0.364,0.588,0.5
199,0.697,0.7,0.556,0.636,0.588
200,0.767,0.714,0.556,0.545,0.545
201,0.586,0.577,0.545,0.52,0.519
202,0.767,0.714,0.558,0.594,0.545
203,0.742,0.75,0.545,0.529,0.529
204,0.7,0.704,0.585,0.581,0.531
205,0.759,0.769,0.538,0.581,0.531
206,0.759,0.769,0.6,0.633,0.533
207,0.759,0.769,0.6,0.581,0.531
208,0.759,0.769,0.6,0.581,0.531
209,0.724,0.731,0.56,0.6,0.5
210,0.7,0.643,0.6,0.633,0.581
211,0.656,0.548,0.489,0.545,0.5
212,0.562,0.5,0.5,0.548,0.5
213,0.594,0.484,0.481,0.633,0.531
214,0.548,0.542,0.48,0.586,0.567
215,0.515,0.56,0.5,0.548,0.548
216,0.548,0.542,0.542,0.533,0.484
217,0.538,0.565,0.5,0.571,0.5
218,0.469,0.565,0.44,0.5,0.484
219,0.167,0.158,0.167,0.188,0.12
220,0.167,0.158,0.167,0.188,0.12
221,0.167,0.158,0.167,0.188,0.12
222,0.519,0.536,0.423,0.484,0.484
223,0.333,0.333,0.333,0.5,0.364
224,0.542,0.65,0.571,0.5,0.5
225,0.565,0.6,0.55,0.522,0.52
226,0.565,0.6,0.55,0.464,0.464
227,0.542,0.571,0.571,0.5,0.5
228,0.565,0.6,0.684,0.464,0.464
229,0.583,0.6,0.571,0.72,0.593
230,0.583,0.6,0.571,0.72,0.593
231,0.538,0.636,0.636,0.5,0.5
232,0.56,0.591,0.667,0.571,0.5
233,0.56,0.591,0.667,0.571,0.5
234,0.56,0.591,0.667,0.571,0.5
235,0.56,0.591,0.667,0.517,0.467
236,0.167,0.158,0.167,0.19,0.167
237,0.357,0.375,0.421,0.333,0.286
238,0.273,0.263,0.333,0.286,0.25
239,0.286,0.292,0.389,0.259,0.214
240,0.136,0.167,0.167,0.2,0.125
241,0.571,0.611,0.474,0.455,0.458
242,0.524,0.647,0.474,0.55,0.478
243,0.677,0.679,0.577,0.562,0.515
244,0.645,0.643,0.538,0.581,0.533
245,0.645,0.643,0.538,0.581,0.533
246,0.613,0.625,0.524,0.5,0.5
247,0.167,0.158,0.167,0.19,0.167
248,0.167,0.158,0.167,0.267,0.12
249,0.167,0.158,0.167,0.188,0.12
250,0.16,0.16,0.211,0.185,0.16
251,0.16,0.16,0.211,0.185,0.16
252,0.167,0.158,0.167,0.188,0.12
253,0.167,0.158,0.167,0.19,0.167
254,0.167,0.158,0.167,0.19,0.167
255,0.167,0.158,0.167,0.19,0.167
256,0.167,0.158,0.167,0.188,0.12
257,0.167,0.158,0.167,0.188,0.12
258,0.44,0.286,0.25,0.444,0.44
259,0.44,0.286,0.25,0.421,0.393
260,0.44,0.286,0.25,0.393,0.393
261,0.44,0.286,0.25,0.393,0.393
262,0.44,0.286,0.25,0.421,0.393
263,0.208,0.211,0.211,0.25,0.208
264,0.208,0.211,0.211,0.25,0.16
265,0.208,0.211,0.211,0.25,0.16
266,0.167,0.158,0.167,0.19,0.167
267,0.167,0.158,0.167,0.19,0.167
268,0.167,0.158,0.167,0.19,0.167
269,0.167,0.158,0.167,0.19,0.167
270,0.167,0.158,0.167,0.267,0.12
271,0.167,0.158,0.167,0.19,0.167
272,0.167,0.158,0.167,0.19,0.167
273,0.167,0.158,0.167,0.19,0.167
274,0.167,0.158,0.167,0.267,0.12
275,0.167,0.158,0.167,0.188,0.12
276,0.742,0.69,0.581,0.576,0.529
277,0.645,0.643,0.548,0.593,0.533
278,0.667,0.68,0.565,0.731,0.667
279,0.667,0.68,0.565,0.731,0.667
280,0.667,0.68,0.565,0.731,0.667
281,0.667,0.68,0.565,0.731,0.667
282,0.667,0.68,0.565,0.667,0.667
283,0.667,0.68,0.565,0.731,0.667
284,0.633,0.63,0.52,0.522,0.469
285,0.594,0.586,0.512,0.531,0.484
286,0.594,0.586,0.512,0.485,0.441
287,0.581,0.571,0.465,0.522,0.469
288,0.409,0.421,0.444,0.5,0.435
289,0.409,0.421,0.444,0.429,0.375
290,0.409,0.421,0.444,0.429,0.375
291,0.409,0.421,0.444,0.429,0.375
292,0.409,0.421,0.5,0.429,0.375
293,0.643,0.64,0.522,0.6,0.577
294,0.643,0.64,0.522,0.6,0.577
295,0.643,0.64,0.522,0.6,0.577
296,0.667,0.714,0.714,0.625,0.5
297,0.667,0.714,0.714,0.56,0.5
298,0.652,0.789,0.619,0.609,0.483
299,0.652,0.789,0.619,0.682,0.538
300,0.519,0.519,0.346,0.52,0.577
301,0.5,0.5,0.375,0.5,0.56
302,0.5,0.565,0.429,0.588,0.5
303,0.542,0.609,0.409,0.619,0.609
304,0.556,0.609,0.409,0.556,0.542
305,0.167,0.158,0.167,0.19,0.167
306,0.167,0.158,0.167,0.19,0.167
307,0.167,0.158,0.167,0.19,0.167
308,0.167,0.158,0.167,0.19,0.167
309,0.167,0.158,0.167,0.267,0.12
310,0.167,0.158,0.167,0.267,0.12
311,0.733,0.808,0.535,0.613,0.562
312,0.7,0.769,0.538,0.633,0.533
313,0.633,0.692,0.5,0.516,0.469
314,0.435,0.526,0.526,0.391,0.31
315,0.435,0.526,0.526,0.391,0.31
316,0.455,0.556,0.5,0.476,0.36
317,0.455,0.556,0.5,0.409,0.321
318,0.455,0.556,0.5,0.471,0.321
319,0.455,0.556,0.556,0.409,0.321
320,0.405,0.551,0.587,0.357,0.35
321,0.463,0.638,0.682,0.415,0.381
322,0.405,0.583,0.622,0.357,0.326
323,0.667,0.667,0.625,0.5,0.5
324,0.581,0.63,0.583,0.458,0.419
325,0.577,0.593,0.542,0.481,0.483
326,0.577,0.654,0.542,0.429,0.438
327,0.565,0.462,0.6,0.577,0.52
328,0.478,0.5,0.526,0.5,0.5
329,0.478,0.5,0.526,0.444,0.444
330,0.333,0.333,0.412,0.5,0.364
331,0.333,0.333,0.412,0.5,0.364
332,0.182,0.222,0.235,0.267,0.167
333,0.581,0.52,0.465,0.519,0.517
334,0.581,0.52,0.465,0.519,0.517
335,0.581,0.52,0.465,0.519,0.517
336,0.571,0.571,0.524,0.565,0.56
337,0.571,0.65,0.524,0.5,0.556
338,0.571,0.571,0.524,0.565,0.56
339,0.571,0.571,0.524,0.565,0.56
340,0.5,0.545,0.435,0.542,0.481
341,0.517,0.571,0.455,0.565,0.5
342,0.484,0.519,0.36,0.467,0.464
343,0.484,0.519,0.36,0.467,0.464
344,0.484,0.519,0.36,0.467,0.464
345,0.583,0.7,0.545,0.609,0.483
346,0.583,0.7,0.619,0.682,0.538
347,0.609,0.737,0.571,0.636,0.5
348,0.609,0.737,0.571,0.636,0.5
349,0.609,0.737,0.571,0.714,0.56
350,0.5,0.526,0.611,0.529,0.407
351,0.682,0.65,0.65,0.565,0.5
352,0.682,0.65,0.65,0.579,0.448
353,0.682,0.65,0.65,0.5,0.448
354,0.538,0.565,0.522,0.56,0.552
355,0.64,0.593,0.609,0.769,0.643
356,0.667,0.565,0.565,0.731,0.667
357,0.6,0.565,0.565,0.667,0.607
358,0.455,0.417,0.5,0.48,0.423
359,0.455,0.417,0.5,0.562,0.423
360,0.615,0.571,0.52,0.741,0.679
361,0.64,0.542,0.5,0.643,0.704
362,0.64,0.542,0.5,0.704,0.704
363,0.467,0.5,0.32,0.5,0.5
364,0.414,0.333,0.304,0.421,0.333
365,0.367,0.429,0.364,0.435,0.385
366,0.367,0.429,0.364,0.375,0.345
367,0.379,0.45,0.381,0.391,0.357
368,0.379,0.45,0.381,0.455,0.4
369,0.379,0.45,0.381,0.391,0.357
370,0.345,0.474,0.35,0.348,0.37
371,0.4,0.321,0.304,0.4,0.48
372,0.387,0.31,0.292,0.414,0.52
373,0.167,0.154,0.211,0.167,0.154
374,0.167,0.158,0.167,0.267,0.12
375,0.16,0.15,0.158,0.176,0.115
376,0.333,0.333,0.333,0.5,0.364
377,0.273,0.263,0.263,0.4,0.304
378,0.273,0.333,0.263,0.4,0.269
379,0.167,0.158,0.167,0.188,0.12
380,0.6,0.565,0.522,0.667,0.607
381,0.6,0.565,0.522,0.607,0.607
382,0.667,0.667,0.568,0.559,0.514
383,0.667,0.667,0.568,0.559,0.514
384,0.625,0.621,0.519,0.562,0.516
385,0.677,0.679,0.577,0.613,0.516
386,0.645,0.643,0.548,0.531,0.531
387,0.167,0.158,0.167,0.19,0.167
388,0.167,0.158,0.167,0.267,0.12
389,0.545,0.5,0.5,0.65,0.565
390,0.545,0.579,0.5,0.571,0.5
391,0.548,0.593,0.442,0.438,0.483
392,0.308,0.273,0.333,0.389,0.321
393,0.318,0.316,0.389,0.467,0.259
394,0.455,0.36,0.4,0.476,0.417
395,0.409,0.375,0.421,0.6,0.375
396,0.167,0.158,0.222,0.188,0.12
397,0.586,0.591,0.478,0.652,0.577
398,0.586,0.591,0.478,0.652,0.577
399,0.586,0.591,0.478,0.583,0.519
400,0.227,0.211,0.222,0.333,0.261
401,0.227,0.211,0.222,0.429,0.208
402,0.727,0.7,0.619,0.682,0.6
403,0.636,0.778,0.632,0.591,0.52
404,0.667,0.714,0.636,0.56,0.552
405,0.667,0.636,0.714,0.625,0.5
406,0.667,0.636,0.714,0.625,0.5
407,0.696,0.667,0.667,0.652,0.519
408,0.682,0.737,0.65,0.636,0.5
409,0.682,0.737,0.65,0.636,0.5
410,0.677,0.516,0.481,0.724,0.786
411,0.7,0.533,0.5,0.75,0.815
412,0.7,0.533,0.5,0.75,0.815
413,0.7,0.533,0.5,0.75,0.815
414,0.531,0.467,0.432,0.621,0.679
415,0.531,0.467,0.432,0.621,0.679
416,0.5,0.37,0.292,0.481,0.481
417,0.5,0.37,0.304,0.481,0.481
418,0.536,0.407,0.348,0.519,0.52
419,0.208,0.211,0.211,0.333,0.16
420,0.167,0.158,0.167,0.19,0.167
421,0.167,0.158,0.167,0.188,0.12
422,0.652,0.545,0.619,0.48,0.433
423,0.625,0.577,0.667,0.52,0.464
424,0.625,0.577,0.667,0.52,0.464
425,0.609,0.571,0.571,0.565,0.5
426,0.667,0.632,0.632,0.619,0.542
427,0.516,0.556,0.458,0.5,0.5
428,0.548,0.593,0.44,0.533,0.483
429,0.567,0.68,0.458,0.5,0.5
430,0.533,0.577,0.478,0.52,0.519
431,0.586,0.64,0.458,0.52,0.577
432,0.552,0.667,0.478,0.483,0.538
433,0.536,0.52,0.391,0.45,0.407
434,0.704,0.64,0.591,0.524,0.464
435,0.586,0.519,0.4,0.524,0.414
436,0.481,0.458,0.381,0.444,0.346
437,0.458,0.458,0.381,0.529,0.458
438,0.348,0.375,0.3,0.412,0.32
439,0.333,0.316,0.389,0.467,0.24
440,Visited,0.68,0.636,0.625,0.607
441,0.7,Visited,0.538,0.633,0.633
442,0.69,Visited,0.583,0.621,0.571
443,0.69,Visited,0.583,0.621,0.571
444,0.69,Visited,0.583,0.621,0.621
445,0.538,0.5,0.522,0.607,0.552
446,0.5,0.522,0.478,0.517,0.571
447,0.5,0.464,0.478,0.517,0.517
448,0.643,0.64,0.478,0.571,0.519
449,0.643,0.64,0.478,0.517,0.467
450,0.643,0.64,0.478,0.517,0.467
451,0.533,0.64,0.478,0.467,0.467
452,0.7,0.704,0.481,0.633,0.586
453,0.7,0.704,0.481,0.633,0.586
454,0.724,0.731,0.5,0.6,0.552
455,0.724,0.731,0.5,0.6,0.552
456,0.667,0.667,0.568,0.656,0.559
457,0.636,0.633,0.545,0.625,0.559
458,0.643,0.6,0.523,0.552,0.545
459,0.667,0.621,0.535,0.63,0.594
460,0.6,0.636,0.522,0.625,0.533
461,0.429,0.391,0.389,0.438,0.391
462,0.379,0.381,0.4,0.407,0.407
463,0.379,0.381,0.4,0.407,0.407
464,0.594,0.533,0.444,0.531,0.533
465,0.6,0.636,0.591,0.667,0.615
466,0.538,0.565,0.522,0.552,0.552
467,0.579,0.54,0.48,0.611,0.571
468,0.688,0.531,0.447,0.677,0.75
469,0.688,0.531,0.447,0.677,0.75
470,0.677,0.519,0.435,0.667,0.679
471,0.677,0.519,0.435,0.667,0.679
472,0.571,0.538,0.481,0.581,0.581
473,0.571,0.545,0.481,0.633,0.586
474,0.517,0.444,0.375,0.5,0.625
475,0.4,0.321,0.292,0.556,0.423
476,0.419,0.345,0.32,0.429,0.483
477,0.417,0.333,0.421,0.423,0.417
478,0.417,0.5,0.526,0.444,0.444
479,0.435,0.4,0.556,0.462,0.458
480,0.417,0.429,0.429,0.5,0.44
481,0.435,0.45,0.45,0.524,0.458
482,0.435,0.45,0.45,0.455,0.4
483,0.435,0.526,0.45,0.455,0.407
484,0.435,0.45,0.45,0.455,0.4
485,0.516,0.615,0.44,0.444,0.452
486,0.533,0.577,0.458,0.52,0.519
487,0.533,0.577,0.458,0.524,0.464
488,0.586,0.577,0.458,0.462,0.464
489,0.406,0.478,0.435,0.423,0.379
490,0.167,0.158,0.167,0.267,0.12
491,0.462,0.357,0.333,0.414,0.52
492,0.462,0.357,0.333,0.381,0.462
493,0.462,0.357,0.333,0.414,0.52
494,0.621,0.75,0.636,0.552,0.556
495,0.625,0.783,0.667,0.571,0.577
496,0.5,0.609,0.55,0.474,0.423
497,0.576,0.567,0.519,0.515,0.471
498,0.567,0.615,0.522,0.56,0.556
499,0.548,0.593,0.542,0.484,0.483
500,0.529,0.533,0.535,0.471,0.429
501,0.633,0.571,0.465,0.567,0.571
502,0.633,0.571,0.465,0.567,0.571
503,0.69,0.63,0.52,0.567,0.517
504,0.576,0.516,0.467,0.562,0.515
505,0.576,0.516,0.519,0.562,0.515
506,0.545,0.484,0.444,0.531,0.531
507,0.586,0.667,0.545,0.583,0.63
508,0.607,0.619,0.571,0.609,0.593
509,0.607,0.619,0.571,0.682,0.63
510,0.607,0.619,0.571,0.609,0.593
511,0.609,0.65,0.6,0.714,0.625
512,0.606,0.655,0.5,0.5,0.545
513,0.625,0.621,0.519,0.562,0.515
514,0.625,0.621,0.519,0.562,0.515
515,0.625,0.621,0.535,0.515,0.515
516,0.609,0.5,0.455,0.636,0.56
517,0.636,0.524,0.476,0.706,0.52
518,0.783,0.654,0.542,0.769,0.704
519,0.783,0.654,0.542,0.769,0.704
520,0.818,0.68,0.565,0.773,0.667
521,0.818,0.68,0.565,0.696,0.667
522,0.6,0.565,0.591,0.667,0.607
523,0.565,0.6,0.632,0.591,0.52
524,0.565,0.684,0.632,0.522,0.577
525,0.565,0.6,0.632,0.522,0.519
526,0.565,0.6,0.632,0.522,0.519
527,0.56,0.591,0.667,0.63,0.517
528,0.583,0.619,0.619,0.542,0.536
529,0.645,0.704,0.538,0.633,0.581
530,0.677,0.808,0.467,0.613,0.613
531,0.677,0.741,0.519,0.667,0.567
532,0.6,0.72,0.5,0.533,0.533
533,0.621,0.68,0.522,0.607,0.556
534,0.645,0.643,0.538,0.536,0.533
535,0.677,0.741,0.519,0.667,0.567
536,0.64,0.654,0.542,0.619,0.536
537,0.571,0.56,0.5,0.556,0.56
538,0.571,0.56,0.5,0.615,0.625
539,0.571,0.56,0.5,0.556,0.56
540,0.565,0.583,0.524,0.611,0.52
541,0.536,0.52,0.524,0.526,0.52
542,0.522,0.542,0.55,0.6,0.542
543,0.522,0.542,0.55,0.647,0.481
544,0.486,0.515,0.468,0.514,0.472
545,0.273,0.333,0.353,0.421,0.308
546,0.227,0.353,0.375,0.368,0.269
547,0.227,0.353,0.375,0.3,0.231
548,0.227,0.353,0.375,0.3,0.231
549,0.227,0.353,0.375,0.333,0.231
550,0.167,0.158,0.222,0.188,0.12
551,0.167,0.158,0.167,0.188,0.12
552,0.167,0.158,0.167,0.19,0.167
553,0.167,0.158,0.167,0.267,0.12
554,0.167,0.158,0.167,0.188,0.12
555,0.167,0.158,0.167,0.188,0.12
556,0.727,0.739,0.619,0.654,0.6
557,0.762,0.696,0.571,0.714,0.696
558,0.762,0.696,0.571,0.714,0.696
559,0.261,0.278,0.294,0.333,0.208
560,0.261,0.278,0.294,0.333,0.208
561,0.167,0.158,0.167,0.19,0.167
562,0.677,0.621,0.435,0.613,0.567
563,0.677,0.621,0.435,0.613,0.567
564,0.7,0.643,0.444,0.581,0.533
565,0.5,0.522,0.526,0.462,0.458
566,0.5,0.522,0.526,0.524,0.522
567,0.5,0.591,0.526,0.462,0.462
568,0.524,0.478,0.5,0.55,0.545
569,0.579,0.604,0.574,0.487,0.553
570,0.667,0.5,0.568,0.559,0.636
571,0.52,0.462,0.333,0.464,0.583
572,0.52,0.462,0.357,0.45,0.52
573,0.625,0.568,0.571,0.613,0.594
574,0.625,0.533,0.61,0.562,0.562
575,0.167,0.158,0.167,0.188,0.12
576,0.167,0.158,0.222,0.188,0.12
577,0.167,0.158,0.167,0.19,0.167
578,0.545,0.565,0.45,0.571,0.565
579,0.565,Visited,0.55,0.591,0.519
580,0.64,0.682,0.542,0.704,0.643
581,0.64,0.682,0.542,0.704,0.643
582,0.64,0.682,0.542,0.643,0.643
583,0.64,0.682,0.542,0.643,0.643
584,0.793,0.741,0.577,0.562,0.562
585,0.767,0.714,0.5,0.645,0.6
586,0.793,0.741,0.519,0.613,0.567
587,0.793,0.741,0.519,0.613,0.567
588,0.759,0.704,0.481,0.633,0.643
589,0.759,0.704,0.512,0.581,0.586
590,0.759,0.704,0.512,0.581,0.586
591,0.667,0.667,0.545,0.483,0.481
592,0.607,0.667,0.619,0.542,0.538
593,0.4,0.346,0.318,0.529,0.458
594,0.167,0.158,0.167,0.19,0.167
595,0.167,0.158,0.167,0.19,0.167
596,0.167,0.158,0.167,0.19,0.167
597,0.167,0.158,0.167,0.19,0.167
598,0.167,0.158,0.167,0.188,0.12
599,0.167,0.158,0.167,0.267,0.12
600,0.167,0.158,0.167,0.267,0.12
601,0.167,0.158,0.167,0.267,0.12
602,0.455,0.474,0.5,0.55,0.545
603,0.455,0.474,0.5,0.476,0.478
604,0.429,0.444,0.529,0.526,0.455
605,0.6,0.593,0.542,0.484,0.483
606,0.296,0.348,0.364,0.308,0.321
607,0.296,0.348,0.364,0.308,0.321
608,0.286,0.353,0.375,0.368,0.318
609,0.677,0.621,0.571,0.613,0.562
610,0.733,0.621,0.5,0.667,0.613
611,0.724,0.607,0.488,0.655,0.548
612,0.69,0.571,0.465,0.621,0.567
613,0.759,0.704,0.548,0.75,0.633
614,0.724,0.667,0.524,0.714,0.6
615,0.6,0.714,0.636,0.56,0.5
616,0.625,0.75,0.591,0.652,0.519
617,0.417,0.579,0.429,0.435,0.444
618,0.375,0.45,0.381,0.455,0.458
619,0.261,0.316,0.333,0.273,0.292
620,0.458,0.632,0.55,0.481,0.481
621,0.478,0.579,0.579,0.571,0.444
622,0.478,0.579,0.579,0.5,0.444
623,0.478,0.579,0.579,0.5,0.444
624,0.478,0.579,0.579,0.5,0.444
625,0.417,0.5,0.5,0.5,0.393
626,0.417,0.5,0.5,0.444,0.393
627,0.417,0.5,0.5,0.5,0.393
628,0.417,0.5,0.5,0.444,0.393
629,0.417,0.5,0.5,0.444,0.393
630,0.167,0.158,0.167,0.19,0.167
631,0.167,0.158,0.167,0.267,0.12
632,0.167,0.158,0.167,0.188,0.12
633,0.256,0.42,0.417,0.3,0.3
634,0.348,0.316,0.316,0.467,0.409
635,0.286,0.353,0.294,0.538,0.261
636,0.455,0.474,0.5,0.471,0.417
637,0.476,0.5,0.529,0.5,0.5
638,0.516,0.5,0.565,0.5,0.452
639,0.5,0.522,0.522,0.467,0.467
640,0.5,0.522,0.522,0.52,0.467
641,0.5,0.522,0.522,0.52,0.467
642,0.5,0.522,0.522,0.467,0.467
643,0.571,0.526,0.556,0.6,0.591
644,0.571,0.526,0.556,0.524,0.522
645,0.571,0.526,0.556,0.524,0.522
646,0.571,0.526,0.556,0.524,0.522
647,0.5,0.464,0.478,0.517,0.571
648,0.522,0.48,0.579,0.538,0.542
649,0.522,0.476,0.5,0.545,0.542
650,0.167,0.158,0.167,0.19,0.167
651,0.167,0.158,0.167,0.267,0.12
652,0.636,0.531,0.483,0.625,0.625
653,0.645,0.538,0.5,0.633,0.633
654,0.633,0.583,0.48,0.621,0.621
655,0.606,0.5,0.489,0.594,0.594
656,0.606,0.5,0.489,0.594,0.594
657,0.594,0.538,0.538,0.633,0.581
658,0.562,0.56,0.5,0.6,0.6
659,0.562,0.56,0.5,0.655,0.6
660,0.52,0.545,0.478,0.55,0.536
661,0.478,0.5,0.45,0.444,0.44
662,0.478,0.5,0.45,0.393,0.393
663,0.565,0.6,0.632,0.667,0.583
664,0.591,0.632,0.667,0.619,0.542
665,0.565,0.684,0.6,0.591,0.519
666,0.591,0.632,0.579,0.7,0.542
667,0.545,0.579,0.611,0.571,0.444
668,0.545,0.579,0.526,0.571,0.444
669,0.452,0.516,0.467,0.471,0.515
670,0.452,0.516,0.467,0.471,0.515
671,0.452,0.469,0.467,0.471,0.471
672,0.467,0.478,0.444,0.485,0.485
673,0.467,0.478,0.444,0.485,0.485
674,0.467,0.478,0.444,0.485,0.485
675,0.467,0.447,0.444,0.441,0.485
676,0.452,0.469,0.467,0.471,0.471
677,0.475,0.617,0.587,0.425,0.462
678,0.366,0.457,0.4,0.385,0.421
679,0.447,0.515,0.438,0.514,0.432
680,0.447,0.515,0.438,0.514,0.432
681,0.444,0.516,0.435,0.429,0.471
682,0.333,0.304,0.412,0.4,0.304
683,0.333,0.304,0.412,0.5,0.269
684,0.333,0.304,0.412,0.4,0.269
685,0.511,0.492,0.491,0.408,0.38
686,0.49,0.552,0.526,0.392,0.365
687,0.447,0.491,0.491,0.347,0.32
688,0.426,0.5,0.5,0.354,0.327
689,0.561,0.473,0.472,0.476,0.442
690,0.6,0.553,0.556,0.421,0.417
691,0.167,0.158,0.167,0.188,0.12
692,0.167,0.158,0.167,0.267,0.12
693,0.167,0.158,0.167,0.188,0.12
694,0.167,0.158,0.167,0.188,0.12
695,0.167,0.158,0.167,0.188,0.12
696,0.682,0.571,0.524,0.636,0.56
697,0.682,0.571,0.524,0.636,0.56
698,0.6,0.714,0.565,0.56,0.552
699,0.6,0.714,0.565,0.56,0.5
700,0.5,0.45,0.526,0.625,0.346
701,0.435,0.45,0.45,0.444,0.31
702,0.633,0.571,0.48,0.621,Visited
703,0.655,0.593,0.5,0.643,Visited
704,0.419,0.478,0.481,0.441,0.438
705,0.542,0.571,0.524,0.636,0.56
706,0.483,0.489,0.5,0.5,0.455
707,0.483,0.5,0.5,0.448,0.5
708,0.448,0.435,0.52,0.414,0.424
709,0.5,0.462,0.391,0.526,0.407
710,0.609,0.65,0.5,0.636,0.625
711,0.522,0.55,0.409,0.619,0.542
712,0.545,0.5,0.5,0.65,0.565
713,0.545,0.5,0.5,0.588,0.5
714,0.545,0.5,0.5,0.571,0.5
715,0.571,0.526,0.526,0.625,0.522
716,0.619,0.579,0.5,0.737,0.636
717,0.619,0.579,0.5,0.65,0.565
718,0.429,0.391,0.368,0.643,0.455
719,0.429,0.391,0.368,0.769,0.391
720,0.429,0.391,0.368,0.643,0.391
721,0.708,0.654,0.609,0.643,0.643
722,0.708,0.654,0.609,0.643,0.643
723,0.696,0.667,0.591,0.727,0.577
724,0.696,0.667,0.591,0.727,0.577
725,0.696,0.667,0.591,0.727,0.577
726,0.696,0.667,0.591,0.727,0.577
727,0.571,0.586,0.481,0.633,0.581
728,0.469,0.479,0.536,0.444,0.405
729,0.484,0.489,0.556,0.457,0.417
730,0.452,0.5,0.577,0.429,0.389
731,0.452,0.533,0.467,0.471,0.429
732,0.452,0.468,0.577,0.389,0.351
733,0.429,0.542,0.511,0.375,0.375
734,0.423,0.444,0.524,0.556,0.5
735,0.44,0.462,0.55,0.519,0.464
736,0.458,0.48,0.579,0.481,0.538
737,0.458,0.48,0.579,0.481,0.538
738,0.5,0.462,0.632,0.577,0.52
739,0.593,0.5,0.462,0.714,0.75
740,0.615,0.52,0.48,0.679,0.714
741,0.615,0.52,0.48,0.741,0.778
742,0.64,0.609,0.542,0.704,0.704
743,0.64,0.542,0.542,0.704,0.643
744,0.652,0.619,0.545,0.762,0.667
745,0.652,0.619,0.545,0.682,0.6
746,0.512,0.673,0.646,0.432,0.432
747,0.561,0.723,0.696,0.476,0.476
748,0.575,0.739,0.711,0.525,0.488
749,0.575,0.739,0.711,0.525,0.488
750,0.636,0.583,Visited,0.464,0.414
751,0.636,0.583,Visited,0.464,0.414
752,0.5,0.483,0.5,0.481,0.536
753,0.6,0.536,0.542,0.438,0.433
754,0.579,0.486,0.396,0.487,0.487
755,0.677,0.679,0.5,0.613,0.679
756,0.568,0.514,0.385,0.556,0.556
757,0.528,0.515,0.387,0.516,0.515
758,0.708,0.654,0.542,0.643,0.643
759,0.708,0.654,0.542,0.704,0.654
760,0.167,0.158,0.167,0.19,0.167
761,0.455,0.4,0.474,0.476,0.417
762,0.455,0.4,0.474,0.409,0.36
763,0.545,0.565,0.5,0.688,0.5
764,0.381,0.348,0.333,0.571,0.308
765,0.488,0.66,0.667,0.439,0.439
766,0.351,0.396,0.391,0.412,0.371
767,0.351,0.396,0.391,0.412,0.371
768,0.351,0.396,0.391,0.412,0.371
769,0.522,Visited,Visited,0.545,0.478
770,0.479,Visited,Visited,0.5,0.438
771,0.511,Visited,Visited,0.5,0.467
772,0.385,0.42,0.417,0.405,0.432
773,0.5,0.538,0.36,0.48,0.538
774,0.433,0.406,0.393,0.455,0.485
775,0.435,0.45,0.4,0.524,0.444
776,0.435,0.45,0.4,0.455,0.407
777,0.455,0.474,0.421,0.476,0.37
778,0.429,0.444,0.389,0.526,0.391
779,0.458,0.55,Visited,0.481,0.481
780,0.458,0.55,Visited,0.481,0.481