itemid,hotelid,user_1,user_2,user_3,user_4,user_5
1,31,0.739940073,0.680009255,0.726273039,0.717108788,0.797381532
2,31,0.754593775,0.693476093,0.74065608,0.731310341,0.777817459
3,31,0.792118034,0.696310624,0.742392339,0.740740741,0.78247589
4,31,0.840840992,0.620878016,0.665750286,0.717108788,0.797381532
5,31,0.595854023,0.402911482,0.412393049,0.5143445,0.56694671
6,31,0.595854023,0.402911482,0.412393049,0.5143445,0.56694671
7,31,0.595854023,0.402911482,0.412393049,0.5143445,0.56694671
8,31,0.595854023,0.402911482,0.412393049,0.5143445,0.56694671
9,31,0.595854023,0.402911482,0.412393049,0.5143445,0.56694671
10,31,0.306785996,0.202259959,0.207019668,0.25819889,0.237170825
11,1429,0.643119694,0.489955935,0.501485887,0.673575314,0.618718434
12,1429,0.568796459,0.363636364,0.372193684,0.522232968,0.533001791
13,1429,0.61993042,0.506024314,0.517932397,0.645975193,0.547722558
14,1429,0.595854023,0.523784927,0.536110964,0.66864785,0.56694671
15,1429,0.641688948,0.523784927,0.536110964,0.66864785,0.56694671
16,1429,0.306785996,0.202259959,0.207019668,0.25819889,0.237170825
17,1429,0.306785996,0.202259959,0.207019668,0.25819889,0.237170825
18,1520,0.687184271,0.533001791,0.545544726,0.725774739,0.75
19,1520,0.595854023,0.44320263,0.453632354,0.6172134,0.661437828
20,1520,0.665512265,0.548454318,0.561360891,0.700140042,0.600245048
21,2243,VISITED,0.709574875,0.726273039,0.830336492,0.797381532
22,2243,VISITED,0.587957294,0.601793477,0.794719414,0.77055175
23,2243,VISITED,0.351763235,0.36004115,0.513200239,0.530330086
24,2243,VISITED,0.639602149,0.654653671,0.816496581,0.708333333
25,2243,VISITED,0.246182982,0.251976315,0.314269681,0.288675135
26,2243,VISITED,0.246182982,0.251976315,0.314269681,0.288675135
27,2243,VISITED,0.246182982,0.251976315,0.314269681,0.288675135
28,2243,VISITED,0.246182982,0.251976315,0.314269681,0.288675135
29,2243,VISITED,0.246182982,0.251976315,0.314269681,0.288675135
30,2243,VISITED,0.246182982,0.251976315,0.314269681,0.288675135
31,2243,VISITED,0.246182982,0.251976315,0.314269681,0.288675135
32,2243,VISITED,0.202259959,0.207019668,0.25819889,0.237170825
33,2243,VISITED,0.202259959,0.207019668,0.25819889,0.237170825
34,2243,VISITED,0.202259959,0.207019668,0.25819889,0.237170825
35,3321,0.595854023,0.483493778,0.494871659,0.6172134,0.614192269
36,3321,0.595854023,0.483493778,0.494871659,0.6172134,0.614192269
37,3321,0.45732956,0.351763235,0.36004115,0.449050209,0.530330086
38,3698,0.606339063,0.604068696,0.618284022,0.635052896,0.666666667
39,3698,0.643119694,0.603022689,0.6172134,0.673575314,0.662912607
40,5211,0.800853435,0.703989469,0.748269894,0.69130113,0.762000762
41,5211,0.782780364,0.688102353,0.732467021,0.702728369,0.774596669
42,7181,0.594088526,0.478713554,0.489978944,0.555555556,0.612372436
43,7181,0.388922234,0.284901441,0.291605922,0.363696484,0.334076552
44,7453,0.711057129,0.62505411,0.639763278,VISITED,0.694365075
45,7453,0.646761667,0.568535244,0.581914374,VISITED,0.666666667
46,7453,0.646761667,0.568535244,0.581914374,VISITED,0.666666667
47,7453,0.623917748,0.548454318,0.561360891,VISITED,0.643119694
48,8306,0.62951158,0.587957294,0.601793477,0.662266179,0.68944104
49,8306,0.646761667,0.568535244,0.581914374,0.680413817,0.666666667
50,8306,0.643119694,0.527644853,0.540061725,0.673575314,0.662912607
51,8306,0.643119694,0.527644853,0.540061725,0.673575314,0.662912607
52,8306,0.606339063,0.568535244,0.581914374,0.635052896,0.666666667
53,8306,0.582323232,0.548454318,0.561360891,0.606788036,0.643119694
54,8306,0.542326145,0.381385036,0.390360029,0.486864496,0.503115295
55,8306,0.306785996,0.202259959,0.207019668,0.25819889,0.237170825
56,8306,0.306785996,0.202259959,0.207019668,0.25819889,0.237170825
57,48822,0.777844468,0.712253603,0.729014804,0.727392967,0.70156076
58,48822,0.754593775,0.723627227,0.74065608,0.731310341,0.707106781
59,48822,0.735147044,0.738548946,0.755928946,0.707106781,0.685603445
60,48822,0.735147044,0.738548946,0.755928946,0.707106781,0.685603445
61,48822,0.453742606,0.341881729,0.349927106,0.43643578,0.400891863
62,48822,0.306785996,0.202259959,0.207019668,0.25819889,0.237170825
63,63490,0.643119694,0.603022689,0.6172134,0.673575314,0.618718434
64,63490,0.595854023,0.564076075,0.577350269,0.6172134,0.56694671
65,63490,0.306785996,0.202259959,0.207019668,0.25819889,0.237170825
66,70123,0.69026849,0.606779876,0.621059003,0.645497224,0.632455532
67,70123,0.69026849,0.606779876,0.621059003,0.645497224,0.632455532
68,70123,0.69026849,0.606779876,0.621059003,0.645497224,0.632455532
69,70123,0.306785996,0.269679945,0.276026224,0.344265186,0.316227766
70,70133,VISITED,0.650443636,0.696011663,0.717108788,0.658706483
71,70133,VISITED,0.660129344,0.707838397,0.722315119,0.700349292
72,70133,VISITED,0.660129344,0.707838397,0.722315119,0.700349292
73,70133,VISITED,0.640489869,0.690065559,0.645497224,0.671984003
74,70133,VISITED,0.640489869,0.690065559,0.645497224,0.671984003
75,70133,VISITED,0.568535244,0.618284022,0.725774739,0.708333333
76,70133,VISITED,0.585017939,0.63620901,0.700140042,0.685994341
77,70157,0.773573713,0.650443636,0.635488909,0.717108788,0.728044008
78,70157,0.685994341,0.565333771,0.578637562,0.625462792,0.618718434
79,70157,0.664211164,0.583874208,0.597614305,0.596284794,0.593366104
80,70157,0.623917748,0.511890697,0.486512773,0.653464039,0.685994341
81,70993,0.805161048,0.6770032,0.692934867,VISITED,VISITED
82,70993,0.805161048,0.707776073,0.724431907,VISITED,VISITED
83,70993,0.84016805,0.707776073,0.724431907,VISITED,VISITED
84,70993,0.84016805,0.707776073,0.724431907,VISITED,VISITED
85,70993,0.822478321,0.691564075,0.707838397,VISITED,VISITED
86,70993,0.514495755,0.402015126,0.4114756,VISITED,VISITED
87,70993,0.804399667,0.707106781,0.723746864,VISITED,VISITED
88,70993,0.306785996,0.202259959,0.207019668,VISITED,VISITED
89,70993,0.306785996,0.202259959,0.207019668,VISITED,VISITED
90,71282,0.71519854,0.660129344,0.675663925,0.722315119,0.700349292
91,71282,0.694708803,0.642824347,0.657951695,0.738548946,0.716089443
92,71282,0.694708803,0.642824347,0.657951695,0.738548946,0.716089443
93,71282,0.694708803,0.642824347,0.657951695,0.738548946,0.716089443
94,71282,0.67363307,0.62505411,0.639763278,0.755928946,0.694365075
95,72911,0.412514324,0.402911482,0.412393049,0.4114756,0.425210032
96,72911,0.750958467,0.660129344,0.675663925,0.722315119,0.700349292
97,72911,0.750958467,0.660129344,0.675663925,0.722315119,0.700349292
98,72911,0.750958467,0.660129344,0.675663925,0.722315119,0.700349292
99,72911,0.731272424,0.674965564,0.69084928,0.738548946,0.678400525
100,72911,0.487088187,0.428174419,0.43825049,0.447213595,0.456435465
101,72911,0.487088187,0.467099366,0.478091444,0.447213595,0.456435465
102,72911,0.668856054,0.622543017,0.637193093,0.706417257,0.608330329
103,74799,0.726108198,0.696310624,0.683000952,0.740740741,0.714434508
104,74799,0.700140042,0.707776073,0.692934867,0.746390491,0.685603445
105,74799,0.735147044,0.707776073,0.724431907,0.785674201,0.685603445
106,74799,0.731272424,0.674965564,0.69084928,0.779579443,0.716089443
107,74799,0.350070021,0.246182982,0.251976315,0.314269681,0.288675135
108,74804,0.550019098,0.523784927,0.536110964,0.6172134,0.56694671
109,74804,0.61993042,0.544949261,0.557773351,0.596284794,0.593366104
110,74804,0.544581149,0.478713554,0.489978944,0.611111111,0.561341399
111,74804,0.544581149,0.478713554,0.489978944,0.611111111,0.561341399
112,74804,0.544581149,0.478713554,0.489978944,0.611111111,0.561341399
113,74804,0.544581149,0.478713554,0.489978944,0.611111111,0.561341399
114,74814,0.594088526,0.478713554,0.489978944,0.611111111,0.612372436
115,74814,0.594088526,0.478713554,0.489978944,0.611111111,0.612372436
116,74814,0.594088526,0.478713554,0.489978944,0.611111111,0.612372436
117,74814,0.350070021,0.246182982,0.251976315,0.314269681,0.288675135
118,82436,0.708200528,0.553371571,0.56639386,0.750568336,0.729996395
119,82436,0.708200528,0.553371571,0.56639386,0.750568336,0.729996395
120,82436,0.350070021,0.246182982,0.251976315,0.314269681,0.288675135
121,82436,0.306785996,0.202259959,0.207019668,0.25819889,0.237170825
122,82699,0.720294058,0.633173824,0.64807407,0.731310341,VISITED
123,82699,0.739940073,0.650443636,0.665750286,0.792593924,VISITED
124,82699,0.720294058,0.633173824,0.64807407,0.769800359,VISITED
125,82699,0.71519854,0.597259883,0.611314979,0.762443736,VISITED
126,82699,0.694708803,0.578541912,0.592156525,0.738548946,VISITED
127,82699,0.711057129,0.592156525,0.606091527,0.755928946,VISITED
128,82699,0.350070021,0.246182982,0.251976315,0.314269681,VISITED
129,82699,0.350070021,0.246182982,0.251976315,0.314269681,VISITED
130,82904,0.531368931,0.506024314,0.517932397,0.496903995,0.593366104
131,82904,0.495073771,0.43519414,0.445435403,0.444444444,0.561341399
132,82904,0.400163365,0.402015126,0.4114756,0.384900179,0.471404521
133,82904,0.61993042,0.544949261,0.557773351,0.596284794,0.63900965
134,82904,0.48507125,0.426401433,0.43643578,0.544331054,0.5
135,82904,0.306785996,0.202259959,0.207019668,0.25819889,0.237170825
136,90861,0.727606875,0.568535244,0.581914374,0.77113566,0.75
137,90861,0.727606875,0.568535244,0.581914374,0.77113566,0.75
138,90861,0.687184271,0.604068696,0.618284022,0.725774739,0.75
139,90861,0.707106781,0.585017939,0.598784951,0.746816045,0.728868987
140,90896,0.858127871,0.754336509,0.772088032,0.851851852,0.748455199
141,90896,0.306785996,0.202259959,0.207019668,0.25819889,0.237170825
142,90896,0.306785996,0.202259959,0.207019668,0.25819889,0.237170825
143,90911,0.727606875,0.639602149,0.654653671,0.816496581,0.708333333
144,90911,0.727606875,0.639602149,0.654653671,0.816496581,0.708333333
145,90911,0.707106781,0.621581561,0.63620901,0.793492048,0.728868987
146,90912,0.777844468,0.712253603,0.699854212,0.691023319,0.668153105
147,90912,0.759113116,0.696310624,0.683000952,0.666666667,0.680413817
148,90912,0.759113116,0.696310624,0.683000952,0.666666667,0.646393127
149,90912,0.739940073,0.680009255,0.665750286,0.641623653,0.658706483
150,111618,0.618346942,0.543557307,0.55634864,0.693888666,0.637377439
151,111618,0.570781793,0.501745206,0.513552591,0.640512615,0.588348405
152,111626,0.594088526,0.522232968,0.534522484,VISITED,0.612372436
153,111626,0.594088526,0.522232968,0.534522484,VISITED,0.561341399
154,111626,0.594088526,0.522232968,0.534522484,VISITED,0.561341399
155,111626,0.594088526,0.522232968,0.534522484,VISITED,0.561341399
156,111693,0.685994341,0.565333771,0.578637562,0.721687836,0.662912607
157,111766,0.45732956,0.351763235,0.36004115,0.449050209,0.412478956
158,111766,0.424437344,0.319801075,0.327326835,0.40824829,0.375
159,111808,VISITED,0.467099366,0.517932397,0.546594394,0.593366104
160,111808,VISITED,0.62505411,0.639763278,0.713932893,0.694365075
161,111808,VISITED,0.604068696,0.618284022,0.680413817,0.625
162,111808,VISITED,0.467099366,0.517932397,0.596284794,0.547722558
163,111808,VISITED,0.402911482,0.453632354,0.46291005,0.425210032
164,111808,VISITED,0.381385036,0.439155033,0.486864496,0.447213595
165,111808,VISITED,0.202259959,0.207019668,0.25819889,0.237170825
166,111819,0.594088526,0.43519414,0.445435403,0.611111111,0.612372436
167,111819,0.542326145,0.381385036,0.390360029,0.547722558,0.559016994
168,111819,0.568796459,0.409090909,0.418717895,0.580258853,0.58630197
169,111819,0.542326145,0.476731295,0.487950036,0.608580619,0.559016994
170,111848,0.306785996,0.202259959,0.207019668,0.25819889,0.237170825
171,111876,0.550019098,0.402911482,0.412393049,0.56577895,0.614192269
172,111876,0.550019098,0.402911482,0.412393049,0.56577895,0.614192269
173,111876,0.306785996,0.202259959,0.207019668,0.25819889,0.237170825
174,111887,0.618346942,0.501745206,0.513552591,0.587136564,0.588348405
175,111887,0.618346942,0.501745206,0.513552591,0.587136564,0.588348405
176,111887,0.618346942,0.501745206,0.513552591,0.587136564,0.588348405
177,111887,0.618346942,0.501745206,0.513552591,0.587136564,0.588348405
178,111887,0.594088526,0.522232968,0.534522484,0.611111111,0.561341399
179,111916,0.735294118,0.723922766,0.740958574,0.726108198,0.727606875
180,111916,0.720157935,0.743150541,0.760638829,0.737864787,0.710046947
181,111916,0.770154046,0.646230328,0.692934867,0.746390491,0.757772228
182,111916,0.51708769,0.5,0.511766316,0.580258853,0.533001791
183,111916,0.306785996,0.202259959,0.207019668,0.25819889,0.237170825
184,111916,0.306785996,0.202259959,0.207019668,0.25819889,0.237170825
185,111916,0.306785996,0.202259959,0.207019668,0.25819889,0.237170825
186,128451,0.707106781,0.621581561,0.63620901,0.700140042,0.685994341
187,128451,0.685994341,0.603022689,0.6172134,0.673575314,0.662912607
188,129684,0.757923828,0.772852597,0.763762616,0.680413817,0.71875
189,129684,0.800853435,0.731065987,0.775983594,0.69130113,0.666750667
190,129684,0.782780364,0.743150541,0.760638829,0.702728369,0.677772086
191,129684,0.796162194,0.727860264,0.773642144,0.71474169,0.689358773
192,129684,0.759113116,0.725323566,0.742392339,0.666666667,0.714434508
193,129704,0.728616739,0.674199862,0.690065559,0.688530373,0.632455532
194,129704,0.728616739,0.674199862,0.690065559,0.688530373,0.632455532
195,129704,0.728616739,0.674199862,0.690065559,0.688530373,0.632455532
196,129704,0.306785996,0.202259959,0.207019668,0.25819889,0.237170825
197,129768,0.618346942,0.501745206,0.513552591,0.640512615,0.588348405
198,129768,0.618346942,0.501745206,0.513552591,0.640512615,0.588348405
199,129814,0.810254654,0.769233891,0.758175397,0.763762616,0.70156076
200,129814,0.788893492,0.723627227,0.70979541,0.731310341,0.671751442
201,129814,0.727606875,0.639602149,0.654653671,0.635052896,0.625
202,129814,0.823193209,0.723627227,0.74065608,0.769800359,0.671751442
203,129814,0.807207353,0.739140495,0.726273039,0.717108788,0.624037721
204,129814,0.822478321,0.722998805,0.74001287,0.762443736,0.663488803
205,129814,0.786718394,0.722998805,0.707838397,0.722315119,0.663488803
206,129814,0.822478321,0.722998805,0.74001287,0.762443736,0.663488803
207,129814,0.822478321,0.722998805,0.74001287,0.762443736,0.663488803
208,129814,0.822478321,0.722998805,0.74001287,0.762443736,0.663488803
209,129814,0.804399667,0.707106781,0.723746864,0.738548946,0.640711607
210,129814,0.786718394,0.722998805,0.707838397,0.802572354,0.663488803
211,129841,0.754593775,0.693476093,0.67893474,0.731310341,0.636396103
212,129841,0.694708803,0.642824347,0.657951695,0.738548946,0.640711607
213,129841,0.750958467,0.628694613,0.643489452,0.762443736,0.663488803
214,129841,0.69026849,0.606779876,0.621059003,0.731563521,0.671984003
215,129841,0.658145182,0.674965564,0.69084928,0.738548946,0.603022689
216,129841,0.69026849,0.640489869,0.655562281,0.731563521,0.632455532
217,129841,0.668856054,0.622543017,0.637193093,0.706417257,0.648885685
218,129841,0.62951158,0.622543017,0.637193093,0.662266179,0.567774974
219,129841,0.306785996,0.202259959,0.207019668,0.25819889,0.237170825
220,129841,0.306785996,0.202259959,0.207019668,0.25819889,0.237170825
221,129841,0.306785996,0.202259959,0.207019668,0.25819889,0.237170825
222,129905,0.575223742,0.640489869,0.621059003,0.645497224,0.632455532
223,129905,0.453742606,0.398862018,0.40824829,0.509175077,0.467707173
224,129963,0.600245048,0.603022689,0.6172134,0.673575314,0.57452426
225,129963,0.575649676,0.583874208,0.597614305,0.645975193,0.593366104
226,129963,0.575649676,0.583874208,0.597614305,0.645975193,0.593366104
227,129963,0.557370402,0.603022689,0.578637562,0.625462792,0.57452426
228,129963,0.61993042,0.583874208,0.597614305,0.695665593,0.547722558
229,129974,0.707106781,0.621581561,0.63620901,0.793492048,0.685994341
230,129974,0.707106781,0.621581561,0.63620901,0.793492048,0.685994341
231,130051,0.668856054,0.657128741,0.637193093,0.706417257,0.608330329
232,130051,0.687184271,0.639602149,0.654653671,0.725774739,0.625
233,130051,0.687184271,0.639602149,0.654653671,0.725774739,0.625
234,130051,0.687184271,0.639602149,0.654653671,0.725774739,0.625
235,130051,0.687184271,0.639602149,0.654653671,0.725774739,0.625
236,130051,0.306785996,0.202259959,0.207019668,0.25819889,0.237170825
237,130055,0.48809353,0.429058165,0.439155033,0.547722558,0.447213595
238,130055,0.388922234,0.341881729,0.349927106,0.43643578,0.400891863
239,130055,0.424437344,0.373101254,0.381881308,0.476289672,0.375
240,130055,0.257247878,0.226133508,0.231455025,0.288675135,0.265165043
241,130077,0.594088526,0.522232968,0.534522484,0.611111111,0.561341399
242,130077,0.568796459,0.5,0.511766316,0.580258853,0.533001791
243,130092,0.805161048,0.738548946,0.755928946,0.746390491,0.649519053
244,130092,0.786718394,0.722998805,0.74001287,0.722315119,0.626628314
245,130092,0.786718394,0.722998805,0.74001287,0.722315119,0.626628314
246,130092,0.767836045,0.707106781,0.723746864,0.697518449,0.640711607
247,130133,0.306785996,0.202259959,0.207019668,0.25819889,0.237170825
248,130133,0.306785996,0.202259959,0.207019668,0.25819889,0.237170825
249,130133,0.306785996,0.202259959,0.207019668,0.25819889,0.237170825
250,130251,0.350070021,0.246182982,0.251976315,0.314269681,0.216506351
251,130251,0.350070021,0.246182982,0.251976315,0.314269681,0.216506351
252,130251,0.306785996,0.202259959,0.207019668,0.25819889,0.237170825
253,130251,0.306785996,0.202259959,0.207019668,0.25819889,0.237170825
254,130251,0.306785996,0.202259959,0.207019668,0.25819889,0.237170825
255,130251,0.306785996,0.202259959,0.207019668,0.25819889,0.237170825
256,130251,0.306785996,0.202259959,0.207019668,0.25819889,0.237170825
257,130251,0.306785996,0.202259959,0.207019668,0.25819889,0.237170825
258,151314,0.618346942,0.418121005,0.427960493,0.587136564,0.588348405
259,151314,0.618346942,0.418121005,0.427960493,0.587136564,0.588348405
260,151314,0.618346942,0.418121005,0.427960493,0.587136564,0.588348405
261,151314,0.618346942,0.418121005,0.427960493,0.587136564,0.588348405
262,151314,0.618346942,0.418121005,0.427960493,0.587136564,0.588348405
263,151314,0.350070021,0.246182982,0.251976315,0.314269681,0.288675135
264,151314,0.350070021,0.246182982,0.251976315,0.314269681,0.288675135
265,151314,0.350070021,0.246182982,0.251976315,0.314269681,0.288675135
266,151314,0.306785996,0.202259959,0.207019668,0.25819889,0.237170825
267,151314,0.306785996,0.202259959,0.207019668,0.25819889,0.237170825
268,151314,0.306785996,0.202259959,0.207019668,0.25819889,0.237170825
269,151314,0.306785996,0.202259959,0.207019668,0.25819889,0.237170825
270,151314,0.306785996,0.202259959,0.207019668,0.25819889,0.237170825
271,151314,0.306785996,0.202259959,0.207019668,0.25819889,0.237170825
272,151314,0.306785996,0.202259959,0.207019668,0.25819889,0.237170825
273,151314,0.306785996,0.202259959,0.207019668,0.25819889,0.237170825
274,151314,0.306785996,0.202259959,0.207019668,0.25819889,0.237170825
275,151314,0.306785996,0.202259959,0.207019668,0.25819889,0.237170825
276,151476,0.807207353,0.768706115,0.756534416,0.754851356,0.658706483
277,151476,0.786718394,0.722998805,0.74001287,0.722315119,0.663488803
278,151797,0.747545002,0.657128741,0.672592709,0.794719414,0.729996395
279,151797,0.747545002,0.657128741,0.672592709,0.794719414,0.729996395
280,151797,0.747545002,0.657128741,0.672592709,0.794719414,0.729996395
281,151797,0.747545002,0.657128741,0.672592709,0.794719414,0.729996395
282,151797,0.747545002,0.657128741,0.672592709,0.794719414,0.729996395
283,151797,0.747545002,0.657128741,0.672592709,0.794719414,0.729996395
284,159313,0.711057129,0.657951695,0.67343503,0.713932893,0.6172134
285,159313,0.71519854,0.722998805,0.707838397,0.682186501,0.589767825
286,159313,0.71519854,0.722998805,0.707838397,0.682186501,0.589767825
287,159313,0.67363307,0.69084928,0.67343503,0.671936841,0.6172134
288,162762,0.48809353,0.429058165,0.439155033,0.547722558,0.503115295
289,162762,0.48809353,0.429058165,0.439155033,0.547722558,0.503115295
290,162762,0.48809353,0.429058165,0.439155033,0.547722558,0.503115295
291,162762,0.48809353,0.429058165,0.439155033,0.547722558,0.503115295
292,162762,0.48809353,0.429058165,0.439155033,0.547722558,0.503115295
293,162962,0.727606875,0.639602149,0.654653671,0.680413817,0.625
294,162962,0.727606875,0.639602149,0.654653671,0.680413817,0.625
295,162962,0.727606875,0.639602149,0.654653671,0.680413817,0.625
296,164961,0.708200528,0.657128741,0.672592709,0.750568336,0.608330329
297,164961,0.708200528,0.657128741,0.672592709,0.750568336,0.608330329
298,164961,0.665512265,0.621581561,0.63620901,0.700140042,0.600245048
299,164961,0.665512265,0.621581561,0.63620901,0.700140042,0.600245048
300,166064,0.606339063,0.568535244,0.545544726,0.589691975,0.625
301,166064,0.600245048,0.527644853,0.540061725,0.577350269,0.618718434
302,166064,0.618346942,0.543557307,0.55634864,0.587136564,0.588348405
303,166064,0.641688948,0.564076075,0.577350269,0.6172134,0.614192269
304,166064,0.641688948,0.564076075,0.577350269,0.6172134,0.614192269
305,166064,0.306785996,0.202259959,0.207019668,0.25819889,0.237170825
306,166064,0.306785996,0.202259959,0.207019668,0.25819889,0.237170825
307,166064,0.306785996,0.202259959,0.207019668,0.25819889,0.237170825
308,166064,0.306785996,0.202259959,0.207019668,0.25819889,0.237170825
309,166064,0.306785996,0.202259959,0.207019668,0.25819889,0.237170825
310,166064,0.306785996,0.202259959,0.207019668,0.25819889,0.237170825
311,166942,0.805161048,0.738548946,0.755928946,0.746390491,0.685603445
312,166942,0.786718394,0.722998805,0.74001287,0.722315119,0.663488803
313,166942,0.748481189,0.69084928,0.707106781,0.671936841,0.6172134
314,166950,0.594088526,0.522232968,0.534522484,0.611111111,0.459279327
315,166950,0.594088526,0.522232968,0.534522484,0.611111111,0.459279327
316,166950,0.568796459,0.5,0.511766316,0.580258853,0.479701612
317,166950,0.568796459,0.5,0.511766316,0.580258853,0.479701612
318,166950,0.568796459,0.5,0.511766316,0.580258853,0.479701612
319,166950,0.568796459,0.5,0.511766316,0.580258853,0.479701612
320,166965,0.585239048,0.758142506,0.775983594,0.553040904,0.508000508
321,166965,0.636656016,0.799502686,0.818317088,0.612372436,0.5625
322,166965,0.585239048,0.758142506,0.775983594,0.553040904,0.508000508
323,166965,0.731272424,0.674965564,0.69084928,0.656487952,0.565333771
324,166965,0.67363307,0.657951695,0.67343503,0.629940788,0.540061725
325,166965,0.651920241,0.640489869,0.655562281,0.602464076,0.553398591
326,166965,0.651920241,0.640489869,0.655562281,0.602464076,0.553398591
327,167007,0.664211164,0.583874208,0.597614305,0.745355992,0.63900965
328,167007,0.618346942,0.543557307,0.55634864,0.693888666,0.588348405
329,167007,0.618346942,0.543557307,0.55634864,0.693888666,0.588348405
330,167010,0.453742606,0.398862018,0.40824829,0.509175077,0.467707173
331,167010,0.453742606,0.398862018,0.40824829,0.509175077,0.467707173
332,167010,0.306785996,0.269679945,0.276026224,0.344265186,0.316227766
333,167012,0.748481189,0.657951695,0.67343503,0.713932893,0.655789237
334,167012,0.748481189,0.657951695,0.67343503,0.713932893,0.655789237
335,167012,0.748481189,0.657951695,0.67343503,0.713932893,0.655789237
336,167012,0.685994341,0.603022689,0.6172134,0.673575314,0.662912607
337,167012,0.685994341,0.603022689,0.6172134,0.673575314,0.662912607
338,167012,0.685994341,0.603022689,0.6172134,0.673575314,0.662912607
339,167012,0.685994341,0.603022689,0.6172134,0.673575314,0.662912607
340,167012,0.707106781,0.548454318,0.561360891,0.606788036,0.600245048
341,167012,0.685994341,0.565333771,0.578637562,0.625462792,0.618718434
342,168137,0.606339063,0.604068696,0.581914374,0.589691975,0.583333333
343,168137,0.606339063,0.604068696,0.581914374,0.589691975,0.583333333
344,168137,0.606339063,0.604068696,0.581914374,0.589691975,0.583333333
345,169959,0.665512265,0.585017939,0.598784951,0.700140042,0.600245048
346,169959,0.665512265,0.621581561,0.63620901,0.746816045,0.600245048
347,169959,0.643119694,0.603022689,0.6172134,0.721687836,0.618718434
348,169959,0.643119694,0.603022689,0.6172134,0.721687836,0.618718434
349,169959,0.643119694,0.603022689,0.6172134,0.721687836,0.618718434
350,169959,0.594088526,0.522232968,0.534522484,0.666666667,0.510310363
351,171656,0.643119694,0.603022689,0.6172134,0.673575314,0.57452426
352,171656,0.643119694,0.603022689,0.6172134,0.673575314,0.57452426
353,171656,0.643119694,0.603022689,0.6172134,0.673575314,0.57452426
354,171877,0.708200528,0.622543017,0.601793477,0.750568336,0.648885685
355,171877,0.766964989,0.674199862,0.690065559,0.860662966,0.711512474
356,171877,0.747545002,0.657128741,0.672592709,0.838870493,0.729996395
357,171877,0.747545002,0.622543017,0.637193093,0.794719414,0.68944104
358,172218,0.568796459,0.5,0.511766316,0.638284739,0.58630197
359,172218,0.568796459,0.5,0.511766316,0.638284739,0.58630197
360,173742,0.711057129,0.657951695,0.67343503,0.797924999,0.732940912
361,173742,0.69026849,0.640489869,0.655562281,0.774596669,0.751040944
362,173742,0.69026849,0.640489869,0.655562281,0.774596669,0.751040944
363,173755,0.600245048,0.489955935,0.501485887,0.529237747,0.530330086
364,173755,0.570781793,0.376308905,0.385164443,0.480384461,0.441261304
365,175662,0.523216644,0.501745206,0.513552591,0.533760513,0.490290338
366,175662,0.523216644,0.501745206,0.513552591,0.533760513,0.490290338
367,175662,0.544581149,0.478713554,0.489978944,0.555555556,0.510310363
368,175662,0.544581149,0.478713554,0.489978944,0.555555556,0.510310363
369,175662,0.544581149,0.478713554,0.489978944,0.555555556,0.510310363
370,175662,0.51708769,0.454545455,0.465242105,0.522232968,0.479701612
371,177408,0.595854023,0.402911482,0.412393049,0.56577895,0.56694671
372,177408,0.575649676,0.389249472,0.398409536,0.546594394,0.547722558
373,177408,0.324101862,0.227921153,0.233284737,0.290957187,0.267261242
374,177408,0.306785996,0.202259959,0.207019668,0.25819889,0.237170825
375,177408,0.280056017,0.184637236,0.188982237,0.23570226,0.216506351
376,181454,0.453742606,0.398862018,0.40824829,0.509175077,0.467707173
377,181454,0.388922234,0.341881729,0.349927106,0.43643578,0.400891863
378,181454,0.388922234,0.341881729,0.349927106,0.43643578,0.400891863
379,181454,0.306785996,0.202259959,0.207019668,0.25819889,0.237170825
380,181467,0.708200528,0.657128741,0.672592709,0.750568336,0.68944104
381,181467,0.708200528,0.657128741,0.672592709,0.750568336,0.68944104
382,183736,0.792118034,0.783349452,0.772088032,0.740740741,0.646393127
383,183736,0.792118034,0.783349452,0.772088032,0.740740741,0.646393127
384,183736,0.770154046,0.738548946,0.724431907,0.707106781,0.649519053
385,183736,0.805161048,0.738548946,0.755928946,0.746390491,0.649519053
386,183736,0.786718394,0.722998805,0.74001287,0.722315119,0.663488803
387,226153,0.306785996,0.202259959,0.207019668,0.25819889,0.237170825
388,226153,0.306785996,0.202259959,0.207019668,0.25819889,0.237170825
389,226484,0.570781793,0.543557307,0.55634864,0.640512615,0.588348405
390,226484,0.570781793,0.543557307,0.55634864,0.640512615,0.588348405
391,229895,0.69026849,0.640489869,0.655562281,0.602464076,0.592927061
392,231475,0.413670152,0.454545455,0.465242105,0.464207083,0.479701612
393,231475,0.424437344,0.426401433,0.43643578,0.476289672,0.4375
394,233748,0.51708769,0.5,0.465242105,0.580258853,0.58630197
395,233748,0.48809353,0.476731295,0.439155033,0.547722558,0.559016994
396,233748,0.306785996,0.202259959,0.207019668,0.25819889,0.237170825
397,235534,0.727606875,0.639602149,0.654653671,0.680413817,0.625
398,235534,0.727606875,0.639602149,0.654653671,0.680413817,0.625
399,235534,0.727606875,0.639602149,0.654653671,0.680413817,0.625
400,235534,0.350070021,0.307728727,0.314970394,0.392837101,0.360843918
401,235534,0.350070021,0.307728727,0.314970394,0.392837101,0.360843918
402,236608,0.707106781,0.621581561,0.63620901,0.746816045,0.685994341
403,236608,0.664211164,0.583874208,0.597614305,0.695665593,0.63900965
404,236608,0.668856054,0.657128741,0.637193093,0.706417257,0.608330329
405,236608,0.708200528,0.657128741,0.637193093,0.750568336,0.608330329
406,236608,0.708200528,0.657128741,0.672592709,0.750568336,0.608330329
407,236608,0.687184271,0.639602149,0.654653671,0.725774739,0.625
408,236608,0.685994341,0.603022689,0.6172134,0.721687836,0.618718434
409,236608,0.685994341,0.603022689,0.6172134,0.721687836,0.618718434
410,239696,0.770154046,0.646230328,0.629940788,0.824957911,0.829941012
411,239696,0.786718394,0.628694613,0.643489452,0.842700972,0.847791248
412,239696,0.786718394,0.628694613,0.643489452,0.842700972,0.847791248
413,239696,0.786718394,0.628694613,0.643489452,0.842700972,0.847791248
414,239696,0.711057129,0.62505411,0.639763278,0.797924999,0.732940912
415,239696,0.711057129,0.62505411,0.639763278,0.797924999,0.732940912
416,239696,0.641688948,0.483493778,0.494871659,0.66864785,0.661437828
417,239696,0.641688948,0.483493778,0.494871659,0.66864785,0.661437828
418,239696,0.664211164,0.506024314,0.517932397,0.695665593,0.684653197
419,239696,0.350070021,0.246182982,0.251976315,0.314269681,0.288675135
420,239696,0.306785996,0.202259959,0.207019668,0.25819889,0.237170825
421,239696,0.306785996,0.202259959,0.207019668,0.25819889,0.237170825
422,241578,0.623917748,0.621581561,0.598784951,0.653464039,0.557370402
423,241578,0.646761667,0.639602149,0.654653671,0.680413817,0.541666667
424,241578,0.646761667,0.639602149,0.654653671,0.680413817,0.541666667
425,241578,0.600245048,0.603022689,0.6172134,0.625462792,0.530330086
426,241578,0.641688948,0.564076075,0.577350269,0.66864785,0.56694671
427,241932,0.62951158,0.622543017,0.601793477,0.6181151,0.608330329
428,241932,0.69026849,0.606779876,0.621059003,0.645497224,0.592927061
429,241932,0.668856054,0.622543017,0.637193093,0.662266179,0.608330329
430,241932,0.646761667,0.604068696,0.618284022,0.635052896,0.625
431,248928,0.727606875,0.604068696,0.618284022,0.635052896,0.583333333
432,248928,0.707106781,0.585017939,0.598784951,0.653464039,0.600245048
433,248928,0.664211164,0.583874208,0.597614305,0.596284794,0.502079011
434,248928,0.727606875,0.639602149,0.654653671,0.680413817,0.583333333
435,248928,0.687184271,0.604068696,0.618284022,0.589691975,0.541666667
436,248928,0.594088526,0.522232968,0.534522484,0.555555556,0.459279327
437,248928,0.594088526,0.522232968,0.534522484,0.555555556,0.510310363
438,248928,0.542326145,0.429058165,0.439155033,0.547722558,0.447213595
439,248928,0.48507125,0.426401433,0.43643578,0.544331054,0.375
440,249350,VISITED,0.657128741,0.672592709,0.794719414,0.68944104
441,251488,0.786718394,VISITED,0.707838397,0.762443736,0.737209781
442,251488,0.785905248,VISITED,0.707106781,0.755928946,0.694365075
443,251488,0.785905248,VISITED,0.707106781,0.755928946,0.694365075
444,251488,0.785905248,VISITED,0.707106781,0.755928946,0.694365075
445,252607,0.668856054,0.657128741,0.672592709,0.750568336,0.648885685
446,252607,0.646761667,0.639602149,0.654653671,0.725774739,0.625
447,252607,0.646761667,0.639602149,0.654653671,0.725774739,0.625
448,260205,0.727606875,0.639602149,0.654653671,0.680413817,0.625
449,260205,0.727606875,0.639602149,0.654653671,0.680413817,0.625
450,260205,0.727606875,0.639602149,0.654653671,0.680413817,0.625
451,260966,0.646761667,0.604068696,0.618284022,0.635052896,0.583333333
452,261554,0.786718394,0.691564075,0.707838397,0.722315119,0.663488803
453,261554,0.786718394,0.691564075,0.707838397,0.722315119,0.663488803
454,261554,0.767836045,0.707106781,0.723746864,0.738548946,0.678400525
455,261554,0.767836045,0.707106781,0.723746864,0.738548946,0.678400525
456,261557,0.825122952,0.783349452,0.772088032,0.777777778,0.680413817
457,261557,0.807207353,0.768706115,0.756534416,0.754851356,0.658706483
458,261557,0.788893492,0.753778361,0.74065608,0.731310341,0.671751442
459,261557,0.805161048,0.738548946,0.755928946,0.746390491,0.685603445
460,265102,0.62951158,0.657128741,0.637193093,0.662266179,0.608330329
461,270693,0.514495755,0.452267017,0.46291005,0.577350269,0.530330086
462,277909,0.544581149,0.478713554,0.489978944,0.611111111,0.561341399
463,277909,0.544581149,0.478713554,0.489978944,0.611111111,0.561341399
464,294376,0.71519854,0.691564075,0.643489452,0.682186501,0.700349292
465,294376,0.708200528,0.657128741,0.637193093,0.750568336,0.68944104
466,294376,0.668856054,0.622543017,0.601793477,0.706417257,0.648885685
467,298167,0.697289922,0.719552418,0.681930907,0.714434508,0.75
468,298167,0.739940073,0.709574875,0.665750286,0.754851356,0.797381532
469,298167,0.739940073,0.709574875,0.665750286,0.754851356,0.797381532
470,298167,0.735147044,0.6770032,0.661437828,0.785674201,0.79385662
471,298167,0.735147044,0.6770032,0.661437828,0.785674201,0.79385662
472,298167,0.679438613,0.722998805,0.675663925,0.762443736,0.700349292
473,298167,0.679438613,0.722998805,0.675663925,0.762443736,0.700349292
474,298167,0.643119694,0.527644853,0.540061725,0.625462792,0.662912607
475,298167,0.595854023,0.44320263,0.453632354,0.56577895,0.56694671
476,298167,0.600245048,0.489955935,0.501485887,0.577350269,0.618718434
477,306747,0.568796459,0.454545455,0.465242105,0.580258853,0.533001791
478,307649,0.570781793,0.501745206,0.513552591,0.640512615,0.539319372
479,307649,0.544581149,0.478713554,0.489978944,0.611111111,0.561341399
480,309584,0.475651494,0.501745206,0.513552591,0.533760513,0.490290338
481,309584,0.495073771,0.478713554,0.489978944,0.555555556,0.510310363
482,309584,0.495073771,0.478713554,0.489978944,0.555555556,0.510310363
483,309584,0.495073771,0.478713554,0.489978944,0.555555556,0.510310363
484,309584,0.495073771,0.478713554,0.489978944,0.555555556,0.510310363
485,320895,0.668856054,0.622543017,0.601793477,0.573964021,0.567774974
486,320895,0.646761667,0.639602149,0.618284022,0.589691975,0.583333333
487,320895,0.646761667,0.639602149,0.618284022,0.589691975,0.583333333
488,320895,0.646761667,0.639602149,0.618284022,0.589691975,0.583333333
489,321868,0.582323232,0.621581561,0.63620901,0.560112034,0.471621109
490,321868,0.306785996,0.202259959,0.207019668,0.25819889,0.237170825
491,328254,0.575649676,0.544949261,0.557773351,0.596284794,0.593366104
492,328254,0.575649676,0.544949261,0.557773351,0.596284794,0.593366104
493,328254,0.575649676,0.544949261,0.557773351,0.596284794,0.593366104
494,349269,0.747545002,0.657128741,0.672592709,0.662266179,0.608330329
495,349269,0.727606875,0.639602149,0.654653671,0.680413817,0.625
496,349269,0.641688948,0.564076075,0.577350269,0.6172134,0.56694671
497,355865,0.700140042,0.707776073,0.692934867,0.667823071,0.613434661
498,355865,0.668856054,0.657128741,0.672592709,0.662266179,0.608330329
499,355865,0.69026849,0.674199862,0.690065559,0.688530373,0.592927061
500,355865,0.66513304,0.738548946,0.724431907,0.667823071,0.577350269
501,359963,0.748481189,0.69084928,0.67343503,0.713932893,0.655789237
502,359963,0.748481189,0.69084928,0.67343503,0.713932893,0.655789237
503,359963,0.785905248,0.69084928,0.707106781,0.755928946,0.655789237
504,364386,0.66513304,0.707776073,0.692934867,0.707106781,0.613434661
505,364386,0.66513304,0.707776073,0.692934867,0.707106781,0.613434661
506,364386,0.643678686,0.691564075,0.675663925,0.682186501,0.626628314
507,364386,0.687184271,0.639602149,0.618284022,0.725774739,0.666666667
508,364386,0.707106781,0.621581561,0.63620901,0.746816045,0.685994341
509,364386,0.707106781,0.621581561,0.63620901,0.746816045,0.685994341
510,364386,0.707106781,0.621581561,0.63620901,0.746816045,0.685994341
511,364386,0.685994341,0.603022689,0.6172134,0.721687836,0.662912607
512,367171,0.720294058,0.723627227,0.70979541,0.654330305,0.636396103
513,367171,0.735147044,0.707776073,0.724431907,0.667823071,0.649519053
514,367171,0.735147044,0.707776073,0.724431907,0.667823071,0.649519053
515,367171,0.735147044,0.707776073,0.724431907,0.667823071,0.649519053
516,368193,0.643119694,0.603022689,0.578637562,0.721687836,0.618718434
517,368193,0.664211164,0.583874208,0.597614305,0.745355992,0.63900965
518,368779,0.766964989,0.674199862,0.690065559,0.817629818,0.751040944
519,368779,0.766964989,0.674199862,0.690065559,0.817629818,0.751040944
520,368779,0.747545002,0.657128741,0.672592709,0.794719414,0.729996395
521,368779,0.747545002,0.657128741,0.672592709,0.794719414,0.729996395
522,370028,0.668856054,0.657128741,0.672592709,0.750568336,0.68944104
523,370711,0.664211164,0.583874208,0.597614305,0.695665593,0.63900965
524,370711,0.664211164,0.583874208,0.597614305,0.695665593,0.63900965
525,370711,0.664211164,0.583874208,0.597614305,0.695665593,0.63900965
526,370711,0.664211164,0.583874208,0.597614305,0.695665593,0.63900965
527,371394,0.727606875,0.639602149,0.654653671,0.77113566,0.625
528,371394,0.707106781,0.621581561,0.63620901,0.746816045,0.643119694
529,381887,0.786718394,0.691564075,0.707838397,0.762443736,0.700349292
530,381887,0.805161048,0.707776073,0.692934867,0.746390491,0.685603445
531,381887,0.84016805,0.707776073,0.724431907,0.785674201,0.685603445
532,381887,0.728616739,0.674199862,0.655562281,0.688530373,0.632455532
533,381887,0.747545002,0.657128741,0.672592709,0.706417257,0.648885685
534,383927,0.71519854,0.691564075,0.675663925,0.722315119,0.700349292
535,383927,0.770154046,0.738548946,0.724431907,0.785674201,0.685603445
536,383927,0.728616739,0.674199862,0.690065559,0.731563521,0.671984003
537,387309,0.685994341,0.527644853,0.540061725,0.721687836,0.662912607
538,387309,0.685994341,0.527644853,0.540061725,0.721687836,0.662912607
539,387309,0.685994341,0.527644853,0.540061725,0.721687836,0.662912607
540,387309,0.664211164,0.544949261,0.557773351,0.745355992,0.63900965
541,387309,0.664211164,0.506024314,0.517932397,0.695665593,0.63900965
542,387309,0.641688948,0.523784927,0.536110964,0.7200823,0.614192269
543,387309,0.641688948,0.523784927,0.536110964,0.7200823,0.614192269
544,390137,0.660098362,0.696310624,0.683000952,0.666666667,0.612372436
545,390216,0.453742606,0.398862018,0.40824829,0.509175077,0.467707173
546,390216,0.420084025,0.369274473,0.377964473,0.471404521,0.433012702
547,390216,0.420084025,0.369274473,0.377964473,0.471404521,0.433012702
548,390216,0.420084025,0.369274473,0.377964473,0.471404521,0.433012702
549,390216,0.420084025,0.369274473,0.377964473,0.471404521,0.433012702
550,391151,0.306785996,0.202259959,0.207019668,0.25819889,0.237170825
551,391151,0.306785996,0.202259959,0.207019668,0.25819889,0.237170825
552,391151,0.306785996,0.202259959,0.207019668,0.25819889,0.237170825
553,391151,0.306785996,0.202259959,0.207019668,0.25819889,0.237170825
554,391151,0.306785996,0.202259959,0.207019668,0.25819889,0.237170825
555,391151,0.306785996,0.202259959,0.207019668,0.25819889,0.237170825
556,395961,0.707106781,0.621581561,0.63620901,0.793492048,0.685994341
557,395961,0.685994341,0.603022689,0.6172134,0.769800359,0.707106781
558,395961,0.685994341,0.603022689,0.6172134,0.769800359,0.707106781
559,395961,0.420084025,0.307728727,0.314970394,0.392837101,0.360843918
560,395961,0.420084025,0.307728727,0.314970394,0.392837101,0.360843918
561,395961,0.306785996,0.202259959,0.207019668,0.25819889,0.237170825
562,405050,0.770154046,0.6770032,0.661437828,0.707106781,0.685603445
563,405050,0.770154046,0.6770032,0.661437828,0.707106781,0.685603445
564,405050,0.786718394,0.691564075,0.675663925,0.722315119,0.700349292
565,416476,0.594088526,0.522232968,0.534522484,0.666666667,0.561341399
566,416476,0.594088526,0.522232968,0.534522484,0.666666667,0.561341399
567,416476,0.594088526,0.522232968,0.534522484,0.666666667,0.561341399
568,416476,0.568796459,0.5,0.511766316,0.638284739,0.58630197
569,442528,0.727606875,0.772852597,0.73648538,0.680413817,0.71875
570,442528,0.792118034,0.696310624,0.712696645,0.740740741,0.78247589
571,442528,0.61993042,0.544949261,0.557773351,0.596284794,0.593366104
572,442528,0.61993042,0.544949261,0.557773351,0.596284794,0.593366104
573,442528,0.770154046,0.738548946,0.755928946,0.746390491,0.721687836
574,442528,0.770154046,0.738548946,0.755928946,0.746390491,0.721687836
575,442528,0.306785996,0.202259959,0.207019668,0.25819889,0.237170825
576,442528,0.306785996,0.202259959,0.207019668,0.25819889,0.237170825
577,442528,0.306785996,0.202259959,0.207019668,0.25819889,0.237170825
578,451809,0.618346942,0.543557307,0.55634864,0.693888666,0.637377439
579,467365,0.61993042,VISITED,0.597614305,0.645975193,0.593366104
580,482219,0.728616739,0.674199862,0.690065559,0.774596669,0.711512474
581,482219,0.728616739,0.674199862,0.690065559,0.774596669,0.711512474
582,482219,0.728616739,0.674199862,0.690065559,0.774596669,0.711512474
583,482219,0.728616739,0.674199862,0.690065559,0.774596669,0.711512474
584,503028,0.805161048,0.707776073,0.724431907,0.746390491,0.685603445
585,503028,0.823193209,0.693476093,0.67893474,0.731310341,0.707106781
586,503028,0.84016805,0.6770032,0.692934867,0.746390491,0.721687836
587,503028,0.84016805,0.6770032,0.692934867,0.746390491,0.721687836
588,503028,0.822478321,0.660129344,0.675663925,0.722315119,0.737209781
589,503028,0.822478321,0.660129344,0.675663925,0.722315119,0.737209781
590,503028,0.822478321,0.660129344,0.675663925,0.722315119,0.737209781
591,503028,0.707106781,0.621581561,0.63620901,0.653464039,0.600245048
592,503028,0.707106781,0.621581561,0.63620901,0.653464039,0.600245048
593,503028,0.594088526,0.391674726,0.400891863,0.555555556,0.561341399
594,503028,0.306785996,0.202259959,0.207019668,0.25819889,0.237170825
595,503028,0.306785996,0.202259959,0.207019668,0.25819889,0.237170825
596,503028,0.306785996,0.202259959,0.207019668,0.25819889,0.237170825
597,503028,0.306785996,0.202259959,0.207019668,0.25819889,0.237170825
598,503028,0.306785996,0.202259959,0.207019668,0.25819889,0.237170825
599,503028,0.306785996,0.202259959,0.207019668,0.25819889,0.237170825
600,503028,0.306785996,0.202259959,0.207019668,0.25819889,0.237170825
601,503028,0.306785996,0.202259959,0.207019668,0.25819889,0.237170825
602,510130,0.568796459,0.454545455,0.465242105,0.580258853,0.58630197
603,510130,0.568796459,0.454545455,0.465242105,0.580258853,0.58630197
604,510130,0.514495755,0.452267017,0.46291005,0.577350269,0.530330086
605,611551,0.728616739,0.674199862,0.655562281,0.645497224,0.553398591
606,627114,0.412514324,0.564076075,0.536110964,0.46291005,0.425210032
607,627114,0.412514324,0.564076075,0.536110964,0.46291005,0.425210032
608,627114,0.420084025,0.369274473,0.377964473,0.471404521,0.433012702
609,636531,0.770154046,0.738548946,0.755928946,0.785674201,0.685603445
610,636531,0.770154046,0.738548946,0.724431907,0.746390491,0.721687836
611,636531,0.767836045,0.707106781,0.723746864,0.738548946,0.678400525
612,636531,0.748481189,0.69084928,0.707106781,0.713932893,0.694365075
613,636531,0.786718394,0.722998805,0.74001287,0.802572354,0.737209781
614,636531,0.767836045,0.707106781,0.723746864,0.779579443,0.716089443
615,646857,0.668856054,0.622543017,0.637193093,0.706417257,0.608330329
616,646857,0.646761667,0.604068696,0.618284022,0.680413817,0.625
617,647885,0.523216644,0.501745206,0.513552591,0.587136564,0.539319372
618,647885,0.495073771,0.478713554,0.489978944,0.555555556,0.510310363
619,647885,0.424437344,0.373101254,0.381881308,0.476289672,0.4375
620,648194,0.595854023,0.564076075,0.577350269,0.66864785,0.56694671
621,648194,0.618346942,0.543557307,0.55634864,0.693888666,0.588348405
622,648194,0.618346942,0.543557307,0.55634864,0.693888666,0.588348405
623,648194,0.618346942,0.543557307,0.55634864,0.693888666,0.588348405
624,648194,0.618346942,0.543557307,0.55634864,0.693888666,0.588348405
625,648194,0.570781793,0.501745206,0.513552591,0.640512615,0.539319372
626,648194,0.570781793,0.501745206,0.513552591,0.640512615,0.539319372
627,648194,0.570781793,0.501745206,0.513552591,0.640512615,0.539319372
628,648194,0.570781793,0.501745206,0.513552591,0.640512615,0.539319372
629,648194,0.570781793,0.501745206,0.513552591,0.640512615,0.539319372
630,667191,0.306785996,0.202259959,0.207019668,0.25819889,0.237170825
631,667191,0.306785996,0.202259959,0.207019668,0.25819889,0.237170825
632,667191,0.306785996,0.202259959,0.207019668,0.25819889,0.237170825
633,749633,0.403603676,0.620878016,0.605227533,0.452910814,0.450693909
634,916240,0.48507125,0.373101254,0.381881308,0.476289672,0.5
635,916240,0.420084025,0.369274473,0.377964473,0.471404521,0.433012702
636,1034353,0.568796459,0.5,0.511766316,0.580258853,0.533001791
637,1034353,0.542326145,0.476731295,0.487950036,0.608580619,0.559016994
638,1034756,0.62951158,0.622543017,0.637193093,0.706417257,0.567774974
639,1034756,0.606339063,0.604068696,0.618284022,0.680413817,0.583333333
640,1034756,0.606339063,0.604068696,0.618284022,0.680413817,0.583333333
641,1034756,0.606339063,0.604068696,0.618284022,0.680413817,0.583333333
642,1034756,0.606339063,0.604068696,0.618284022,0.680413817,0.583333333
643,1086462,0.594088526,0.522232968,0.534522484,0.666666667,0.612372436
644,1086462,0.594088526,0.522232968,0.534522484,0.666666667,0.612372436
645,1086462,0.594088526,0.522232968,0.534522484,0.666666667,0.612372436
646,1086462,0.594088526,0.522232968,0.534522484,0.666666667,0.612372436
647,1099641,0.606339063,0.639602149,0.654653671,0.680413817,0.625
648,1099641,0.641688948,0.564076075,0.577350269,0.7200823,0.661437828
649,1099641,0.641688948,0.564076075,0.577350269,0.7200823,0.614192269
650,1112598,0.306785996,0.202259959,0.207019668,0.25819889,0.237170825
651,1112598,0.306785996,0.202259959,0.207019668,0.25819889,0.237170825
652,1195252,0.773573713,0.680009255,0.665750286,0.792593924,0.76271277
653,1195252,0.750958467,0.691564075,0.675663925,0.802572354,0.77407027
654,1195252,0.748481189,0.657951695,0.67343503,0.797924999,0.732940912
655,1195252,0.754593775,0.663324958,0.64807407,0.769800359,0.74246212
656,1195252,0.754593775,0.663324958,0.64807407,0.769800359,0.74246212
657,1195252,0.750958467,0.691564075,0.675663925,0.802572354,0.700349292
658,1195252,0.731272424,0.674965564,0.657951695,0.779579443,0.716089443
659,1195252,0.731272424,0.674965564,0.657951695,0.779579443,0.716089443
660,1195252,0.665512265,0.621581561,0.598784951,0.746816045,0.685994341
661,1220994,0.570781793,0.501745206,0.513552591,0.587136564,0.539319372
662,1220994,0.570781793,0.501745206,0.513552591,0.587136564,0.539319372
663,1233026,0.664211164,0.583874208,0.597614305,0.745355992,0.63900965
664,1233026,0.641688948,0.564076075,0.577350269,0.7200823,0.661437828
665,1233026,0.664211164,0.583874208,0.597614305,0.745355992,0.593366104
666,1233026,0.641688948,0.564076075,0.577350269,0.7200823,0.614192269
667,1233026,0.618346942,0.543557307,0.55634864,0.693888666,0.588348405
668,1233026,0.618346942,0.543557307,0.55634864,0.693888666,0.588348405
669,1245335,0.595119036,0.707776073,0.692934867,0.628539361,0.613434661
670,1245335,0.595119036,0.707776073,0.692934867,0.628539361,0.613434661
671,1245335,0.595119036,0.707776073,0.692934867,0.628539361,0.613434661
672,1245335,0.572158832,0.691564075,0.675663925,0.601929265,0.626628314
673,1245335,0.572158832,0.691564075,0.675663925,0.601929265,0.626628314
674,1245335,0.572158832,0.691564075,0.675663925,0.601929265,0.626628314
675,1245335,0.572158832,0.691564075,0.675663925,0.601929265,0.626628314
676,1245335,0.595119036,0.707776073,0.692934867,0.628539361,0.613434661
677,1260913,0.646843159,0.785219024,0.748269894,0.622171017,0.603250603
678,1294209,0.550973165,0.626783171,0.612372436,0.545544726,0.534522484
679,1294209,0.627093444,0.667297681,0.653305258,0.62962963,0.578351745
680,1294209,0.627093444,0.667297681,0.653305258,0.62962963,0.578351745
681,1294209,0.595119036,0.615457455,0.629940788,0.589255651,0.577350269
682,1716832,0.453742606,0.398862018,0.40824829,0.509175077,0.467707173
683,1716832,0.453742606,0.398862018,0.40824829,0.509175077,0.467707173
684,1716832,0.453742606,0.398862018,0.40824829,0.509175077,0.467707173
685,1755523,0.679985515,0.66671071,0.682400168,0.645663998,0.593080253
686,1755523,0.66470299,0.71914652,0.713067745,0.631152842,0.579750904
687,1755523,0.596558759,0.667423812,0.658732549,0.578151588,0.503115295
688,1755523,0.60415854,0.675926369,0.667124385,0.554700196,0.509524665
689,1755523,0.743160536,0.65327458,0.66864785,0.705650329,0.618718434
690,1755523,0.713024096,0.740743747,0.758175397,0.618284022,0.567930139
691,1755523,0.306785996,0.202259959,0.207019668,0.25819889,0.237170825
692,1755523,0.306785996,0.202259959,0.207019668,0.25819889,0.237170825
693,1755523,0.306785996,0.202259959,0.207019668,0.25819889,0.237170825
694,1755523,0.306785996,0.202259959,0.207019668,0.25819889,0.237170825
695,1755523,0.306785996,0.202259959,0.207019668,0.25819889,0.237170825
696,1980151,0.643119694,0.603022689,0.6172134,0.673575314,0.618718434
697,1980151,0.643119694,0.603022689,0.6172134,0.673575314,0.618718434
698,2096226,0.708200528,0.657128741,0.672592709,0.750568336,0.648885685
699,2096226,0.668856054,0.657128741,0.637193093,0.706417257,0.608330329
700,2096226,0.544581149,0.522232968,0.534522484,0.555555556,0.459279327
701,2096226,0.544581149,0.522232968,0.534522484,0.555555556,0.459279327
702,2096374,0.748481189,0.592156525,0.606091527,0.713932893,VISITED
703,2096374,0.766964989,0.573069883,0.621059003,0.731563521,VISITED
704,4593494,0.572158832,0.691564075,0.675663925,0.601929265,0.552907336
705,4593494,0.600245048,0.603022689,0.578637562,0.625462792,0.618718434
706,4919607,0.548454318,0.674965564,0.62505411,0.615457455,0.603022689
707,4919607,0.548454318,0.674965564,0.62505411,0.615457455,0.603022689
708,4919607,0.523936832,0.657951695,0.606091527,0.587944736,0.578637562
709,6491407,0.575649676,0.544949261,0.557773351,0.546594394,0.547722558
710,6491407,0.643119694,0.603022689,0.6172134,0.673575314,0.662912607
711,6491407,0.550019098,0.523784927,0.536110964,0.6172134,0.56694671
712,6491407,0.618346942,0.501745206,0.513552591,0.640512615,0.588348405
713,6491407,0.618346942,0.501745206,0.513552591,0.640512615,0.588348405
714,6491407,0.618346942,0.501745206,0.513552591,0.640512615,0.588348405
715,6491407,0.594088526,0.522232968,0.534522484,0.666666667,0.612372436
716,6491407,0.618346942,0.543557307,0.55634864,0.693888666,0.637377439
717,6491407,0.618346942,0.543557307,0.55634864,0.693888666,0.637377439
718,6491407,0.514495755,0.452267017,0.46291005,0.577350269,0.530330086
719,6491407,0.514495755,0.452267017,0.46291005,0.577350269,0.530330086
720,6491407,0.514495755,0.452267017,0.46291005,0.577350269,0.530330086
721,6536309,0.766964989,0.674199862,0.690065559,0.817629818,0.711512474
722,6536309,0.766964989,0.674199862,0.690065559,0.817629818,0.711512474
723,6536309,0.727606875,0.639602149,0.654653671,0.77113566,0.666666667
724,6536309,0.727606875,0.639602149,0.654653671,0.77113566,0.666666667
725,6536309,0.727606875,0.639602149,0.654653671,0.77113566,0.666666667
726,6536309,0.727606875,0.639602149,0.654653671,0.77113566,0.666666667
727,6537481,0.679438613,0.691564075,0.707838397,0.722315119,0.663488803
728,6578078,0.672672794,0.709574875,0.696011663,0.641623653,0.520031434
729,6578078,0.651694624,0.723627227,0.70979541,0.654330305,0.530330086
730,6578078,0.630126038,0.707776073,0.692934867,0.628539361,0.505181486
731,6578078,0.630126038,0.707776073,0.661437828,0.628539361,0.541265877
732,6578078,0.630126038,0.6770032,0.661437828,0.589255651,0.469097094
733,6579831,0.57323678,0.727860264,0.716335319,0.571793352,0.55805234
734,6751093,0.643119694,0.527644853,0.578637562,0.673575314,0.662912607
735,6751093,0.664211164,0.544949261,0.597614305,0.695665593,0.63900965
736,6751093,0.641688948,0.523784927,0.577350269,0.66864785,0.661437828
737,6751093,0.641688948,0.523784927,0.577350269,0.66864785,0.661437828
738,6751093,0.664211164,0.544949261,0.597614305,0.695665593,0.684653197
739,6751215,0.767836045,0.642824347,0.62505411,0.82060994,0.753778361
740,6751215,0.785905248,0.62505411,0.639763278,0.839921051,0.77151675
741,6751215,0.785905248,0.62505411,0.639763278,0.839921051,0.77151675
742,6751215,0.766964989,0.674199862,0.690065559,0.860662966,0.711512474
743,6751215,0.766964989,0.674199862,0.690065559,0.860662966,0.711512474
744,6880805,0.665512265,0.621581561,0.598784951,0.746816045,0.685994341
745,6880805,0.665512265,0.621581561,0.598784951,0.746816045,0.685994341
746,6881583,0.704854843,0.817874635,0.786386749,0.632771997,0.610300103
747,6881583,0.743160536,0.854282143,0.8229512,0.673575314,0.648181216
748,6881583,0.753702346,0.840917866,0.83462485,0.683130051,0.657375735
749,6881583,0.753702346,0.840917866,0.83462485,0.683130051,0.657375735
750,6988959,0.664211164,0.583874208,VISITED,0.695665593,0.547722558
751,6988959,0.664211164,0.583874208,VISITED,0.695665593,0.547722558
752,7026088,0.651920241,0.640489869,0.655562281,0.602464076,0.671984003
753,7026088,0.69026849,0.640489869,0.690065559,0.645497224,0.632455532
754,7229537,0.697289922,0.58630197,0.600099198,0.748455199,0.625
755,7229537,0.84016805,0.707776073,0.755928946,0.746390491,0.721687836
756,7229537,0.68884672,0.578005977,0.591607978,0.808137624,0.677772086
757,7229537,0.660098362,0.551245911,0.564218177,0.740740741,0.646393127
758,7229537,0.766964989,0.674199862,0.690065559,0.817629818,0.711512474
759,7229537,0.766964989,0.674199862,0.690065559,0.817629818,0.711512474
760,7229537,0.306785996,0.202259959,0.207019668,0.25819889,0.237170825
761,7245577,0.51708769,0.454545455,0.465242105,0.580258853,0.479701612
762,7245577,0.51708769,0.454545455,0.465242105,0.580258853,0.479701612
763,7389300,0.618346942,0.543557307,0.55634864,0.693888666,0.588348405
764,7389300,0.48507125,0.426401433,0.43643578,0.544331054,0.5
765,7472485,0.686643649,0.813539016,0.805822964,0.63652395,0.615457455
766,7472485,0.548454318,0.610683129,0.592156525,0.574426958,0.489955935
767,7472485,0.548454318,0.610683129,0.592156525,0.574426958,0.489955935
768,7472485,0.548454318,0.610683129,0.592156525,0.574426958,0.489955935
769,7482881,0.740958574,VISITED,VISITED,0.712696645,0.709208143
770,7482881,0.706138804,VISITED,VISITED,0.675012362,0.673954833
771,7482881,0.732140295,VISITED,VISITED,0.699867712,0.670820393
772,7710577,0.571771875,0.620878016,0.605227533,0.566138517,0.554700196
773,7710577,0.623917748,0.548454318,0.561360891,0.606788036,0.685994341
774,7710577,0.621581561,0.610683129,0.592156525,0.615457455,0.603022689
775,7710577,0.544581149,0.478713554,0.489978944,0.611111111,0.561341399
776,7710577,0.544581149,0.478713554,0.489978944,0.611111111,0.561341399
777,7710577,0.51708769,0.454545455,0.465242105,0.580258853,0.533001791
778,7710577,0.514495755,0.452267017,0.46291005,0.577350269,0.530330086
779,8166773,0.641688948,0.523784927,VISITED,0.66864785,0.661437828
780,8166773,0.641688948,0.523784927,VISITED,0.66864785,0.661437828
