userid,6251,6575,7346,11676,13552,16795,17950,21014,23872,23902,28634,30735,35857,35859,37712,37950,43246,46398,52584,53174,56447,66942,68555,69389,70666,73681,75819,88693,88733,89602,91113,93047,95359,95932,101851,102647,104636,105028,105517,105979,107784,110912,110934,113270,126492,135149,136382,140000,140358,147847,148744,150979,153662,158295,158433,159506,162639,164323,165308,170513,177432,187145,187256,196077,200226,203240,204864,210485,211426,214786,220688,224349,225763,226965,227705,229741,231210,232945,235282,236340,236757,241980,242083,245410,255489,258534,261829,265115,270713,271448,274004
6251,0.0,0.0,0.0,0.0,0.0,0.9999999999999998,0.0,0.0,0.0,0.0,0.0,0.0,0.0,0.0,0.0,0.0,0.0,0.0,0.0,0.0,1.0,0.0,0.0,0.0,0.0,0.0,0.0,0.0,0.0,0.0,0.0,0.0,1.0,0.0,0.0,0.0,0.0,0.0,0.0,0.0,0.0,0.0,0.0,0.0,0.0,1.0,0.0,0.0,0.0,0.0,0.0,0.0,0.8660254037844387,0.0,0.0,0.0,0.5,0.0,0.9999999999999998,0.0,0.0,0.0,0.0,0.0,0.0,0.0,0.6831300510639732,0.0,0.0,0.0,0.0,0.0,0.0,0.0,-0.9999999999999998,0.0,0.0,0.0,0.0,0.0,0.9999999999999998,0.0,1.0,1.0,0.0,0.0,0.0,0.0,0.0,0.0,0.0
6575,0.0,0.0,0.0,0.22869246190189702,0.0,0.0,0.0,0.0,0.0,-1.0,0.0,0.917662935482247,0.0,0.0,0.0,0.0,-0.5,0.0,0.0,0.0,0.0,0.0,0.0,0.0,0.0,0.0,0.0,0.0,0.0,1.0,0.0,0.0,0.9999999999999998,0.0,0.0,0.0,0.0,0.0,0.0,0.0,0.0,0.0,0.0,0.0,0.0,0.0,1.0000000000000002,0.0,0.0,0.0,0.0,0.0,0.0,0.9999999999999998,0.0,0.0,0.9999999999999998,0.9999999999999998,0.0,0.0,0.0,0.0,0.0,0.0,0.0,0.0,0.0,0.0,0.0,0.0,0.0,0.0,1.0,0.0,0.0,0.0,0.0,0.0,0.0,0.0,0.0,0.0,0.0,0.0,0.0,0.5,0.0,0.0,0.0,0.0,0.0
7346,0.0,0.0,0.0,-0.18541926977182405,0.0,-0.9999999999999998,0.0,0.0,0.0,0.0,1.0,0.0,0.0,0.0,0.0,0.0,0.9999999999999998,0.0,0.0,0.0,0.0,-0.9999999999999998,0.0,0.0,1.0,1.0,0.0,0.0,0.0,0.0,-0.8660254037844385,0.0,-1.0000000000000002,0.0,1.0,0.0,0.0,0.0,0.0,-1.0,0.9999999999999998,-0.9999999999999998,0.0,0.0,0.0,0.0,0.0,0.9999999999999998,0.0,0.0,0.0,0.8703882797784892,0.0,0.9999999999999998,0.0,0.0,0.8660254037844385,0.0,-0.9999999999999998,0.0,0.0,0.0,0.0,0.0,-1.0,0.0,0.0,-0.5,1.0,-0.33333333333333337,0.0,0.0,0.7745966692414834,0.0,0.0,-0.7559289460184544,0.0,0.5000000000000001,0.0,0.0,0.0,-0.9999999999999998,-0.9999999999999998,0.0,0.0,0.0,0.0,-0.9999999999999998,-0.654653670707977,0.0,0.0
11676,0.0,0.22869246190189702,-0.18541926977182405,0.0,-0.6030226891555271,0.09556960619698604,-0.9912407071619305,-0.4136643973298085,0.9045340337332909,0.20903243207701902,-0.32241294010958044,0.6330541649476572,0.6153846153846155,-0.4696066463961271,0.0316069770620507,0.08172753093650327,-0.10050378152592121,0.11009637651263607,-0.8703882797784892,-0.8660254037844385,-0.0776150525706333,0.8892972917998876,-0.17182784357226455,0.0,0.20100756305184245,0.0,-0.36788360369097944,0.7648661601319409,0.9154172965460302,0.739509972887452,0.6286185570937123,0.5679618342470648,0.3438896488392876,0.4999999999999999,0.0,-0.19253851155385138,-0.14503317846585823,-0.47245559126153397,0.2011475797968224,-0.214466781455301,-0.21779102088182759,-0.2676296632892662,0.6875,0.054554472558998125,-0.1412638356497238,-0.31461389106727106,-0.14614795004026182,-0.47451498783938373,0.0,0.260132990857236,-0.5700549611226297,0.27914526311954124,0.08056472056247962,-0.1389782812447285,-0.06903675353874443,-0.3750457847507963,-0.4563373249801778,-0.6339205688172401,0.266290837166864,-0.3929526239966879,0.5604485383178051,-0.49374193110101877,0.22116293423234573,-0.42464064845429056,-0.38113961008652725,0.23516004145696012,0.0,0.09332952260264679,0.4225771273642583,0.3830229586152079,0.36643160422306703,-0.5809475019311126,-0.23145502494313788,0.11812488464372368,-0.43887362975357924,-0.17643446767894816,-0.40528678056908524,-0.1581138830084189,-0.14686837386151178,-0.19245008972987526,-0.10976425998969035,-0.06547793527289071,-0.14173141021714442,-0.3841106397986879,0.09428349084638764,-0.3783262759018302,0.1574832682915688,0.6180254726923975,-0.3398553291282073,0.2407226527868204,-0.0160623141550809
13552,0.0,0.0,0.0,-0.6030226891555271,0.0,0.3947710169758614,1.0,0.0,0.0,0.0,0.0,0.0,0.0,-1.0,0.0,0.8660254037844387,0.0,0.0,0.0,0.0,0.0,0.0,0.0,0.0,0.9999999999999998,0.0,0.0,0.0,0.0,0.9999999999999998,0.0,0.0,0.0,0.0,0.0,0.0,0.5976143046671968,0.0,0.0,0.9999999999999998,0.0,0.0,0.0,0.0,-0.5,1.0000000000000002,0.0,-1.0,0.0,0.0,0.0,0.9999999999999998,0.0,0.0,0.0,0.0,0.0,0.0,0.0,0.0,0.0,0.0,0.0,0.0,0.0,0.0,0.0,0.0,0.0,0.0,0.0,0.0,0.0,0.0,-1.0,0.0,0.0,0.0,0.0,0.8528028654224417,0.0,0.0,0.8703882797784892,0.0,0.0,0.0,0.0,0.0,1.0,0.0,0.0
16795,0.9999999999999998,0.0,-0.9999999999999998,0.09556960619698604,0.3947710169758614,0.0,0.0,0.5659164584181103,0.0,0.0,0.0,0.0,-0.4999999999999999,-0.308327406296755,0.0,0.0,0.0,0.0,-0.30151134457776363,0.9819805060619656,0.0,0.0,0.0,0.0,0.7559289460184545,0.0,0.0,-0.3592106040535498,0.0,0.9827076298239906,0.0,0.0,-0.45517284677580333,0.0,0.0,0.0,0.24155429135353876,-1.0,0.6933752452815364,-0.07894736842105263,0.727606875108999,0.0,-0.5,-0.34175337130065997,0.8708635721768007,0.0,1.0,0.0,0.0,0.9999999999999998,0.0,0.5000000000000001,-0.47140452079103173,0.9819805060619656,-0.2335496832484569,-1.0000000000000002,-0.9999999999999998,0.8660254037844385,-0.1889822365046136,-0.3273268353539886,0.0,1.0000000000000002,1.0000000000000002,-0.9999999999999998,0.0,-0.1889822365046136,0.016755332185712252,0.492365963917331,0.0,0.0,0.0,0.9999999999999998,0.7169771439171534,-0.9999999999999998,0.41079191812887456,-0.4999999999999999,-0.9684959969581862,-0.8783100656536799,-0.8660254037844385,-0.5000000000000001,0.8660254037844385,-0.17407765595569785,0.16116459280507606,0.0,-1.0,-0.6571428571428571,-0.31980107453341566,0.0,-0.08006407690254358,0.054865606697768944,-1.0
17950,0.0,0.0,0.0,-0.9912407071619305,1.0,0.0,0.0,0.0,0.0,0.0,0.0,0.0,0.0,0.0,0.0,0.0,0.0,0.0,0.0,0.0,0.0,0.0,0.0,0.0,-0.9999999999999998,0.0,0.0,0.0,0.0,0.0,0.0,0.0,0.0,0.0,0.0,0.0,-1.0,0.0,0.0,0.0,0.0,0.0,0.0,0.0,1.0,0.0,0.0,0.0,0.0,0.0,0.0,-0.32732683535398854,-1.0,0.0,0.0,0.0,0.0,0.0,0.0,0.0,0.0,0.0,0.0,0.0,1.0,0.0,0.0,0.0,0.9999999999999998,0.0,0.0,0.0,0.0,0.0,0.0,-0.9999999999999998,0.0,0.0,0.0,0.0,0.0,0.0,0.0,0.0,0.0,0.0,0.0,0.0,0.0,0.9999999999999998,0.0
21014,0.0,0.0,0.0,-0.4136643973298085,0.0,0.5659164584181103,0.0,0.0,0.0,0.0,0.0,0.0,0.0,0.0,0.0,0.0,0.0,0.0,0.0,0.9999999999999998,0.0,0.0,0.0,0.0,0.0,0.0,0.0,-0.9999999999999998,0.0,0.0,0.0,0.0,-0.46442036401282394,0.0,0.0,0.0,0.0,0.0,0.0,0.0,0.0,0.0,0.0,0.0,0.0,0.0,0.0,0.0,0.0,0.0,0.0,0.0,0.0,0.0,0.0,0.0,0.0,0.0,0.08006407690254351,0.0,0.0,0.0,-1.0,1.0,0.0,0.0,1.0000000000000002,0.0,0.0,0.0,0.0,0.9999999999999998,0.0,0.0,0.0,0.5000000000000001,0.0,0.0,0.0,0.0,0.9999999999999998,0.0,0.0,0.0,0.0,0.0,0.0,0.0,1.0,0.0,0.0
23872,0.0,0.0,0.0,0.9045340337332909,0.0,0.0,0.0,0.0,0.0,0.0,0.0,0.0,0.0,0.0,0.0,0.0,0.0,0.0,0.0,0.0,0.0,0.0,0.0,0.0,0.0,0.0,0.0,0.0,0.0,0.0,0.0,0.0,0.0,0.0,-0.9999999999999998,0.0,0.0,0.0,0.0,0.0,0.0,0.0,0.7071067811865475,0.0,0.6698938453032357,0.0,0.0,0.0,0.0,0.0,0.0,0.0,0.0,0.0,0.0,0.0,0.0,0.0,0.0,0.0,0.9999999999999998,0.0,0.0,0.0,0.0,0.0,0.0,0.0,0.17407765595569785,0.9999999999999998,0.0,0.0,0.0,0.0,0.0,0.9999999999999998,0.0,0.0,0.0,-0.9999999999999998,0.0,0.0,-0.8029550685469662,0.8660254037844385,0.4999999999999999,0.0,0.0,0.0,0.0,0.0,0.0
23902,0.0,-1.0,0.0,0.20903243207701902,0.0,0.0,0.0,0.0,0.0,0.0,-0.9961164901835046,0.0,0.0,0.0,1.0,0.0,0.0,0.0,0.0,0.0,0.0,0.0,-1.0,0.0,0.0,0.0,0.0,0.0,0.0,0.0,0.0,0.0,0.0,0.0,0.0,0.0,-0.5000000000000001,0.0,0.0,0.0,0.0,0.0,0.0,0.0,0.0,0.9999999999999998,0.9999999999999998,0.0,0.0,0.0,0.0,0.0,0.0,0.0,0.0,0.8660254037844387,0.0,-0.8660254037844385,1.0,0.0,0.0,0.0,0.0,0.0,0.0,0.0,0.0,0.0,0.0,0.0,0.0,0.0,0.0,0.0,0.0,-0.9999999999999998,0.0,0.0,0.0,0.0,0.0,0.0,0.0,0.0,1.0,-0.9999999999999998,0.0,0.0,0.0,0.0,0.0
28634,0.0,0.0,1.0,-0.32241294010958044,0.0,0.0,0.0,0.0,0.0,-0.9961164901835046,0.0,0.0,0.0,0.0,0.0,0.0,0.0,0.0,0.0,0.0,0.0,-0.8660254037844385,0.917662935482247,0.0,1.0,0.0,0.0,0.0,0.0,0.0,0.0,0.0,0.0,0.0,0.0,0.0,0.0,0.0,0.0,0.0,0.0,0.0,0.0,0.0,0.0,-0.33333333333333337,0.0,0.0,0.0,0.0,0.0,0.0,0.0,0.0,0.0,0.0,0.9428090415820635,0.7905694150420945,-0.9999999999999998,0.0,0.0,0.0,0.0,1.0000000000000002,0.0,0.0,0.0,0.0,0.0,0.0,1.0,0.0,0.0,0.0,0.0,0.0,0.0,0.408248290463863,0.0,0.0,0.0,0.0,0.0,0.0,0.0,-0.5,0.0,1.0,0.0,0.0,0.9999999999999998
30735,0.0,0.917662935482247,0.0,0.6330541649476572,0.0,0.0,0.0,0.0,0.0,0.0,0.0,0.0,0.0,0.0,0.0,0.0,0.0,0.0,0.0,0.0,0.0,-0.5,0.0,0.0,0.0,0.0,0.0,0.0,0.0,0.0,0.0,0.0,0.0,0.0,0.0,0.0,0.0,0.0,-0.9999999999999998,0.0,0.0,0.0,0.0,0.0,0.0,0.0,0.0,0.0,0.0,0.0,0.0,0.0,0.0,0.0,0.0,-0.5,0.0,0.0,0.0,0.0,0.0,0.0,0.0,0.0,0.0,0.0,0.0,0.0,0.0,0.0,0.0,0.0,0.0,0.0,0.0,-0.5,0.0,0.0,0.0,0.0,0.0,0.0,-0.1889822365046136,0.0,0.0,0.0,0.0,0.0,0.0,0.0,0.0
35857,0.0,0.0,0.0,0.6153846153846155,0.0,-0.4999999999999999,0.0,0.0,0.0,0.0,0.0,0.0,0.0,0.0,0.0,0.0,0.0,0.0,0.0,0.0,0.0,0.0,0.0,0.0,0.8660254037844385,0.0,0.0,0.0,0.0,0.0,0.0,0.0,0.7559289460184545,0.0,0.0,0.0,-0.9999999999999998,0.9999999999999998,0.0,0.0,0.0,0.0,0.0,0.0,0.0,0.0,0.0,0.0,0.0,0.0,0.0,0.0,0.0,0.0,0.0,0.0,1.0,0.0,0.0,0.0,0.0,0.0,0.0,0.0,0.0,0.0,0.0,0.9438798074485389,0.0,0.0,0.0,0.9999999999999998,0.0,0.0,0.0,-0.9999999999999998,0.0,0.0,0.0,0.0,0.0,0.0,0.0,0.0,0.0,0.0,0.0,0.0,0.0,0.0,0.0
35859,0.0,0.0,0.0,-0.4696066463961271,-1.0,-0.308327406296755,0.0,0.0,0.0,0.0,0.0,0.0,0.0,0.0,0.0,0.0,-0.32732683535398854,0.0,0.0,0.0,0.0,0.9999999999999998,0.0,0.0,0.0,0.0,0.0,0.0,0.0,0.0,0.0,0.0,0.0,0.0,0.0,0.0,0.24571804673358055,0.0,0.0,-1.0,-0.1889822365046136,1.0,-1.0000000000000002,0.9999999999999998,0.9999999999999998,0.5000000000000001,0.0,0.9449111825230683,0.0,0.0,0.5773502691896258,0.0,0.0,-0.9999999999999998,0.0,0.0,-0.9999999999999998,0.0,0.0,1.0,0.9999999999999998,0.0,0.0,0.0,1.0,0.0,0.0,0.0,0.0,0.0,0.0,0.0,0.0,0.0,1.0000000000000002,0.0,0.0,0.0,0.0,1.0000000000000002,-0.9999999999999998,0.33333333333333337,0.0,-0.5000000000000001,0.4999999999999999,1.0,0.0,0.0,0.0,0.0,0.0
37712,0.0,0.0,0.0,0.0316069770620507,0.0,0.0,0.0,0.0,0.0,1.0,0.0,0.0,0.0,0.0,0.0,0.0,0.0,0.0,0.0,0.0,0.0,0.0,0.0,0.0,0.0,0.0,0.0,0.0,0.0,0.5303300858899106,0.0,0.0,0.987829161147262,0.0,0.0,0.0,0.0,0.0,0.0,0.0,0.0,0.9999999999999998,0.9999999999999998,0.0,0.0,0.0,0.0,0.0,0.0,0.0,0.0,0.0,0.0,0.0,0.0,0.0,1.0,0.0,0.642824346533225,-1.0000000000000002,0.0,0.0,0.0,-1.0,0.0,0.0,0.0,0.9999999999999998,0.0,0.0,-0.6831300510639733,0.0,0.0,0.0,0.0,0.7501937734175209,0.0,0.0,0.0,1.0,0.0,0.0,0.0,0.0,0.9999999999999998,0.0,0.0,-0.9999999999999998,-0.9999999999999998,0.0,0.0
37950,0.0,0.0,0.0,0.08172753093650327,0.8660254037844387,0.0,0.0,0.0,0.0,0.0,0.0,0.0,0.0,0.0,0.0,0.0,0.0,0.0,0.0,0.0,0.0,0.0,0.0,0.0,0.0,-0.9999999999999998,0.0,1.0,1.0000000000000002,0.0,0.0,0.9999999999999998,0.0,0.0,0.0,-0.8660254037844387,-0.23312620206007845,0.0,0.0,-1.0,0.0,0.0,0.0,0.0,-0.8528028654224417,1.0,0.9999999999999998,0.9999999999999998,0.0,0.0,0.0,-0.9999999999999998,0.0,0.8164965809277259,0.0,0.9449111825230683,-0.9999999999999998,-0.9999999999999998,0.0,0.0,0.0,1.0,0.0,-1.0,0.9999999999999998,0.0,0.9999999999999998,0.0,0.9999999999999998,0.0,1.0000000000000002,0.0,0.0,0.0,0.12262786789699315,0.0,0.0,0.0,-0.9999999999999998,1.0,0.0,0.0,0.5573704017131537,0.1889822365046136,-0.9819805060619655,0.0,0.0,0.0,0.9999999999999998,0.0,0.0
43246,0.0,-0.5,0.9999999999999998,-0.10050378152592121,0.0,0.0,0.0,0.0,0.0,0.0,0.0,0.0,0.0,-0.32732683535398854,0.0,0.0,0.0,0.0,0.0,0.0,0.0,0.0,0.0,0.0,0.0,0.0,0.0,0.0,0.0,1.0,0.0,0.0,-0.8660254037844385,0.0,0.0,0.0,-0.9999999999999998,0.0,0.0,-0.9999999999999999,0.0,-0.13363062095621225,0.0,0.0,0.0,0.0,0.2773500981126146,0.0,0.0,0.9999999999999998,0.0,0.9999999999999998,0.0,0.0,0.0,0.0,-1.0000000000000002,0.0,0.0,1.0000000000000002,0.0,0.0,0.0,-0.8029550685469663,0.0,0.0,0.0,0.0,0.0,0.0,0.0,0.0,0.7559289460184546,0.0,0.0,0.0,0.0,0.0,-0.9999999999999998,0.9999999999999998,1.0,0.0,0.0,0.0,0.0,-0.9999999999999998,0.0,-1.0000000000000002,-1.0,0.0,0.0
46398,0.0,0.0,0.0,0.11009637651263607,0.0,0.0,0.0,0.0,0.0,0.0,0.0,0.0,0.0,0.0,0.0,0.0,0.0,0.0,0.0,0.0,0.0,0.0,0.0,0.0,0.0,0.0,0.0,0.0,0.0,0.0,0.0,0.0,0.9999999999999998,0.0,0.0,0.0,0.0,0.0,0.9999999999999998,0.0,0.0,0.0,0.0,0.0,0.0,0.0,0.0,0.0,0.0,0.0,0.0,0.0,0.0,0.0,0.0,0.0,0.0,0.0,0.0,0.0,0.0,0.0,0.5000000000000001,0.0,0.0,0.0,0.3333333333333333,0.0,0.0,0.0,0.0,0.0,0.0,0.0,0.0,0.0,0.0,0.0,-1.0,0.0,0.0,0.0,0.0,0.0,0.0,0.0,-1.0,0.0,0.0,0.9707253433941511,0.0
52584,0.0,0.0,0.0,-0.8703882797784892,0.0,-0.30151134457776363,0.0,0.0,0.0,0.0,0.0,0.0,0.0,0.0,0.0,0.0,0.0,0.0,0.0,0.0,0.0,0.0,0.0,0.0,0.0,0.0,0.0,0.0,0.0,0.0,0.0,0.0,0.0,0.0,0.0,0.0,-0.9999999999999998,0.0,0.0,0.9999999999999998,0.0,0.0,0.0,0.9999999999999998,0.0,0.0,0.0,0.5960395606792697,0.0,0.0,0.0,0.0,0.0,0.0,-0.9999999999999998,0.0,0.0,0.0,0.0,1.0,0.0,0.0,0.0,0.0,0.0,0.0,0.0,0.0,0.0,0.0,0.0,0.0,0.0,0.0,0.0,0.0,1.0,0.0,0.0,0.0,0.0,0.0,0.0,0.0,-0.9999999999999998,0.0,0.0,0.0,0.0,0.0,0.0
53174,0.0,0.0,0.0,-0.8660254037844385,0.0,0.9819805060619656,0.0,0.9999999999999998,0.0,0.0,0.0,0.0,0.0,0.0,0.0,0.0,0.0,0.0,0.0,0.0,0.0,0.0,0.0,0.0,0.0,0.0,0.0,0.0,0.0,0.0,0.0,0.0,-0.9999999999999998,0.0,0.0,0.0,0.0,0.0,0.0,0.0,0.0,0.0,0.0,0.0,0.0,0.0,0.0,0.0,0.0,0.0,0.0,0.0,0.0,0.0,0.0,0.0,0.0,0.0,0.0,0.0,0.0,0.0,0.0,0.0,0.0,0.0,0.0,0.0,0.0,0.0,0.0,0.0,0.0,0.0,0.0,0.0,0.0,0.0,0.0,0.0,0.0,0.0,0.0,0.0,0.0,0.0,0.0,0.0,0.0,0.0,0.0
56447,1.0,0.0,0.0,-0.0776150525706333,0.0,0.0,0.0,0.0,0.0,0.0,0.0,0.0,0.0,0.0,0.0,0.0,0.0,0.0,0.0,0.0,0.0,0.0,0.0,0.0,0.0,0.0,0.0,0.0,0.0,0.0,0.0,0.0,-0.5,0.0,0.0,0.0,0.0,0.0,0.0,0.0,0.0,0.0,0.0,0.0,0.0,0.0,0.0,0.0,0.0,0.0,0.0,0.0,0.0,0.0,0.0,0.0,0.0,0.0,0.0,0.0,0.0,0.0,0.0,0.0,0.0,0.0,-0.9999999999999998,0.0,0.0,0.0,0.0,0.0,0.0,0.0,0.0,0.0,0.0,0.0,0.0,0.0,0.0,0.0,0.0,0.0,0.0,0.0,0.0,0.0,0.0,0.0,0.0
66942,0.0,0.0,-0.9999999999999998,0.8892972917998876,0.0,0.0,0.0,0.0,0.0,0.0,-0.8660254037844385,-0.5,0.0,0.9999999999999998,0.0,0.0,0.0,0.0,0.0,0.0,0.0,0.0,0.0,0.0,0.0,0.0,-0.9999999999999998,0.0,0.0,0.0,0.0,0.0,0.0,0.0,0.0,0.0,0.0,0.0,0.6546536707079771,0.0,-0.9999999999999998,0.0,0.0,0.0,-1.0,0.0,0.0,0.0,0.0,0.0,0.0,0.0,0.0,-1.0,0.0,-0.5000000000000001,0.0,-0.9999999999999998,0.0,0.0,0.9999999999999998,1.0,-0.9999999999999998,0.0,0.0,0.0,0.0,-0.8660254037844385,0.0,0.0,0.0,0.0,0.0,0.0,0.0,0.3273268353539885,0.0,0.0,0.0,0.7559289460184543,0.0,0.0,0.9449111825230678,0.0,0.0,0.0,0.0,0.0,0.0,0.0,0.0
68555,0.0,0.0,0.0,-0.17182784357226455,0.0,0.0,0.0,0.0,0.0,-1.0,0.917662935482247,0.0,0.0,0.0,0.0,0.0,0.0,0.0,0.0,0.0,0.0,0.0,0.0,0.0,0.0,0.0,0.0,0.0,0.0,0.0,0.0,0.0,0.0,0.0,0.0,0.0,0.0,0.0,0.0,0.0,0.9449111825230678,0.0,0.0,0.0,-0.9999999999999998,-1.0,0.0,0.0,0.0,0.0,0.0,0.0,0.0,0.0,0.0,0.0,0.0,0.0,0.0,1.0,0.0,0.0,0.0,0.0,0.0,0.0,0.0,0.0,0.0,0.0,0.0,0.0,0.0,0.0,0.944911182523068,0.0,0.0,0.0,0.0,0.0,0.0,0.0,0.654653670707977,0.0,0.0,0.0,0.0,0.0,0.0,-0.18898223650461363,-0.9999999999999998
69389,0.0,0.0,0.0,0.0,0.0,0.0,0.0,0.0,0.0,0.0,0.0,0.0,0.0,0.0,0.0,0.0,0.0,0.0,0.0,0.0,0.0,0.0,0.0,0.0,0.0,0.0,0.0,0.0,0.0,0.0,0.0,0.0,0.0,0.0,0.0,0.0,0.5000000000000001,0.0,0.0,0.0,0.0,0.0,-0.33333333333333337,0.0,0.0,0.0,0.9999999999999998,0.0,0.0,0.0,0.0,0.0,0.0,0.0,0.0,-0.9999999999999998,0.0,0.0,0.0,0.0,0.0,0.0,0.0,0.0,0.0,0.0,0.0,0.0,-1.0000000000000002,0.0,0.0,0.0,0.0,0.0,0.0,0.0,0.0,0.0,0.0,0.6933752452815364,0.0,0.0,0.0,0.0,0.0,1.0,0.0,0.0,0.0,0.0,0.0
70666,0.0,0.0,1.0,0.20100756305184245,0.9999999999999998,0.7559289460184545,-0.9999999999999998,0.0,0.0,0.0,1.0,0.0,0.8660254037844385,0.0,0.0,0.0,0.0,0.0,0.0,0.0,0.0,0.0,0.0,0.0,0.0,0.0,0.0,0.0,0.0,0.0,0.0,0.0,0.0,0.0,0.0,0.9999999999999998,-1.0,0.9999999999999998,0.0,0.0,0.0,0.0,0.0,0.0,0.0,0.0,0.0,0.0,0.0,0.0,0.0,0.6933752452815364,0.0,0.0,0.9999999999999998,0.0,0.0,0.0,0.0,0.0,0.0,0.0,0.0,0.0,0.0,0.0,0.0,0.9999999999999998,0.0,0.0,0.0,0.9999999999999998,0.0,0.0,-1.0,0.9999999999999998,0.0,0.0,0.0,0.0,0.0,0.0,0.9999999999999998,0.0,0.0,0.0,0.0,0.0,0.0,0.0,0.0
73681,0.0,0.0,1.0,0.0,0.0,0.0,0.0,0.0,0.0,0.0,0.0,0.0,0.0,0.0,0.0,-0.9999999999999998,0.0,0.0,0.0,0.0,0.0,0.0,0.0,0.0,0.0,0.0,-0.7559289460184544,0.0,0.0,0.0,0.0,0.0,0.0,0.0,0.0,0.0,0.0,0.0,0.0,1.0,-1.0,0.0,0.0,0.0,0.0,0.0,0.0,0.0,0.0,0.0,0.0,0.0,0.0,0.0,0.0,0.0,1.0000000000000002,0.0,0.0,0.0,0.0,0.0,0.0,0.0,0.0,0.9999999999999998,-0.420084025208403,0.0,0.0,-0.9999999999999998,0.0,0.0,0.0,0.0,0.0,0.8164965809277259,-0.9999999999999998,0.0,0.9999999999999998,0.0,0.0,0.0,0.0,0.0,0.0,0.0,0.0,0.0,0.0,0.0,0.0
75819,0.0,0.0,0.0,-0.36788360369097944,0.0,0.0,0.0,0.0,0.0,0.0,0.0,0.0,0.0,0.0,0.0,0.0,0.0,0.0,0.0,0.0,0.0,-0.9999999999999998,0.0,0.0,0.0,-0.7559289460184544,0.0,0.0,0.0,0.0,0.0,0.0,0.9999999999999998,0.0,0.0,0.0,0.0,0.0,-0.9999999999999998,0.0,0.0,0.0,0.0,0.0,0.0,0.0,0.0,0.0,0.0,0.0,0.0,0.0,0.0,0.0,0.0,0.0,0.0,0.0,0.0,0.0,0.0,0.0,0.0,0.0,0.0,0.0,0.0,0.0,0.0,0.0,0.0,0.0,0.0,0.0,0.9999999999999998,0.0,0.0,0.0,0.0,0.0,0.0,0.0,0.0,0.0,0.0,0.0,0.0,0.0,0.0,0.0,0.0
88693,0.0,0.0,0.0,0.7648661601319409,0.0,-0.3592106040535498,0.0,-0.9999999999999998,0.0,0.0,0.0,0.0,0.0,0.0,0.0,1.0,0.0,0.0,0.0,0.0,0.0,0.0,0.0,0.0,0.0,0.0,0.0,0.0,0.0,0.0,0.0,0.0,0.8660254037844385,0.0,0.0,0.0,0.0,0.0,0.0,0.0,0.0,0.9999999999999998,0.0,0.0,0.0,0.0,0.0,0.0,0.0,0.0,0.0,0.0,0.0,0.0,0.0,0.0,0.0,0.0,0.0,0.0,0.0,0.0,0.2401922307076307,0.0,0.0,0.0,-0.9999999999999998,0.9999999999999998,0.0,0.0,0.9999999999999998,0.0,0.0,0.0,0.0,0.0,0.0,0.0,0.0,0.0,0.0,0.0,0.0,0.0,0.0,0.0,0.0,0.0,0.0,1.0000000000000002,0.0
88733,0.0,0.0,0.0,0.9154172965460302,0.0,0.0,0.0,0.0,0.0,0.0,0.0,0.0,0.0,0.0,0.0,1.0000000000000002,0.0,0.0,0.0,0.0,0.0,0.0,0.0,0.0,0.0,0.0,0.0,0.0,0.0,0.0,0.0,0.0,0.0,0.9999999999999998,0.0,0.0,-1.0,0.0,0.0,0.0,0.0,0.0,0.0,0.0,-0.9999999999999998,-1.0000000000000002,0.0,0.0,0.0,0.0,-0.5000000000000001,0.0,0.0,0.0,-0.9999999999999998,0.0,0.0,0.0,0.0,0.0,0.0,0.0,0.0,0.9999999999999998,0.0,-0.1889822365046136,0.9999999999999998,-0.9999999999999998,0.0,0.0,0.0,0.0,0.0,0.0,-0.9449111825230678,0.0,0.0,0.0,0.0,0.0,0.9999999999999998,0.0,0.1889822365046136,0.0,0.0,0.0,0.0,0.0,0.0,-1.0000000000000002,0.0
89602,0.0,1.0,0.0,0.739509972887452,0.9999999999999998,0.9827076298239906,0.0,0.0,0.0,0.0,0.0,0.0,0.0,0.0,0.5303300858899106,0.0,1.0,0.0,0.0,0.0,0.0,0.0,0.0,0.0,0.0,0.0,0.0,0.0,0.0,0.0,0.0,0.0,0.7637626158259734,0.0,0.0,-1.0,0.0,0.0,1.0,-0.2548235957188128,0.0,0.25,0.5833333333333333,-0.5773502691896258,0.0,0.0,0.0,0.0,0.0,0.0,-0.9999999999999998,1.0,0.0,0.0,0.0,0.0,-1.0,-0.9999999999999998,0.9999999999999998,0.18898223650461363,0.9999999999999998,0.0,0.9999999999999998,0.0,0.0,-0.3273268353539886,0.0,0.8478260869565218,0.0,0.0,0.0,0.0,0.5000000000000001,0.0,0.5,0.1428571428571429,0.0,0.0,-1.0,0.0,0.0,0.0,0.0,0.0,0.15724272550828777,0.0,0.0,0.0,0.0,0.0,-0.9449111825230683
91113,0.0,0.0,-0.8660254037844385,0.6286185570937123,0.0,0.0,0.0,0.0,0.0,0.0,0.0,0.0,0.0,0.0,0.0,0.0,0.0,0.0,0.0,0.0,0.0,0.0,0.0,0.0,0.0,0.0,0.0,0.0,0.0,0.0,0.0,0.0,0.0,0.0,0.0,0.0,0.0,0.0,0.0,0.0,0.0,0.0,0.0,0.0,0.0,0.0,0.0,0.0,0.0,0.0,0.0,-0.5000000000000001,0.0,0.0,0.0,0.0,-0.9999999999999998,0.0,0.9999999999999998,0.0,0.0,0.0,1.0,0.0,0.0,0.0,0.0,0.9999999999999998,0.0,0.0,0.0,0.0,0.0,0.0,0.0,0.0,0.0,0.0,0.0,0.0,0.0,0.0,0.0,0.0,0.9999999999999998,-1.0,-0.9999999999999998,0.0,-0.9999999999999998,0.0,0.0
93047,0.0,0.0,0.0,0.5679618342470648,0.0,0.0,0.0,0.0,0.0,0.0,0.0,0.0,0.0,0.0,0.0,0.9999999999999998,0.0,0.0,0.0,0.0,0.0,0.0,0.0,0.0,0.0,0.0,0.0,0.0,0.0,0.0,0.0,0.0,0.0,0.0,0.0,0.0,0.0,0.0,0.0,0.0,0.0,0.0,0.5,0.0,0.0,0.0,0.0,0.0,0.0,0.0,0.0,0.0,0.0,0.0,0.0,0.0,0.0,0.0,0.0,0.0,0.0,0.0,0.0,0.0,0.0,0.0,0.0,0.0,0.8660254037844385,0.0,0.0,0.0,0.0,0.0,0.0,0.0,0.0,0.0,0.0,0.0,0.0,0.0,0.0,0.0,0.0,0.0,0.0,0.0,0.0,1.0,0.0
95359,1.0,0.9999999999999998,-1.0000000000000002,0.3438896488392876,0.0,-0.45517284677580333,0.0,-0.46442036401282394,0.0,0.0,0.0,0.0,0.7559289460184545,0.0,0.987829161147262,0.0,-0.8660254037844385,0.9999999999999998,0.0,-0.9999999999999998,-0.5,0.0,0.0,0.0,0.0,0.0,0.9999999999999998,0.8660254037844385,0.0,0.7637626158259734,0.0,0.0,0.0,0.0,0.0,0.0,-0.19090778698767144,0.9999999999999998,0.09016696346674323,0.3333333333333333,0.0,0.07484811885651191,1.0,0.0,0.0,-0.2672612419124244,0.5000000000000001,-0.48424799847909306,0.0,0.0,1.0,-0.1889822365046136,0.0,0.0,0.0,0.0,0.0,0.10012523486435176,1.0,0.0,1.0000000000000002,0.0,0.9449111825230679,-1.0000000000000002,1.0,0.953747635118964,0.4640954808922571,0.9271726499455307,0.0,0.0,0.0,-0.9128709291752769,-0.8728715609439694,0.944911182523068,0.0,0.7071067811865475,0.8093123765957441,0.0,-0.9622504486493763,0.7559289460184545,-0.5399687630411976,0.0,0.0,0.8164965809277259,0.6788228329958349,-1.0,0.18938850476964253,1.0,0.0,-0.16666666666666669,0.5222329678670935
95932,0.0,0.0,0.0,0.4999999999999999,0.0,0.0,0.0,0.0,0.0,0.0,0.0,0.0,0.0,0.0,0.0,0.0,0.0,0.0,0.0,0.0,0.0,0.0,0.0,0.0,0.0,0.0,0.0,0.0,0.9999999999999998,0.0,0.0,0.0,0.0,0.0,0.0,0.0,0.0,0.0,0.0,0.0,0.0,0.0,0.0,0.0,-1.0,0.0,0.0,0.0,0.0,0.0,0.0,0.0,0.0,0.0,0.0,0.0,0.0,0.0,0.0,0.0,0.0,0.0,0.0,0.0,0.0,0.0,0.0,0.0,0.0,0.0,0.0,0.0,0.0,0.0,0.0,0.8660254037844385,0.0,0.0,0.0,0.0,0.0,0.0,-0.8660254037844385,0.0,0.0,0.0,0.0,0.0,0.0,0.0,0.0
101851,0.0,0.0,1.0,0.0,0.0,0.0,0.0,0.0,-0.9999999999999998,0.0,0.0,0.0,0.0,0.0,0.0,0.0,0.0,0.0,0.0,0.0,0.0,0.0,0.0,0.0,0.0,0.0,0.0,0.0,0.0,0.0,0.0,0.0,0.0,0.0,0.0,0.0,0.0,0.0,0.0,0.0,0.0,0.0,0.0,0.0,-0.9819805060619655,0.8660254037844385,0.0,0.0,0.0,0.0,0.0,0.0,0.0,0.0,0.0,0.0,0.0,0.0,0.0,0.0,0.0,0.9999999999999998,0.0,0.0,0.0,0.0,0.0,0.0,0.0,0.0,0.0,0.0,0.0,0.0,0.0,0.0,0.0,0.0,0.0,0.9999999999999998,0.0,0.0,-1.0,0.0,0.0,0.0,0.0,0.0,0.0,0.0,0.0
102647,0.0,0.0,0.0,-0.19253851155385138,0.0,0.0,0.0,0.0,0.0,0.0,0.0,0.0,0.0,0.0,0.0,-0.8660254037844387,0.0,0.0,0.0,0.0,0.0,0.0,0.0,0.0,0.9999999999999998,0.0,0.0,0.0,0.0,-1.0,0.0,0.0,0.0,0.0,0.0,0.0,0.8703882797784892,0.5000000000000001,-0.9999999999999998,-1.0,0.0,0.0,-0.8545426619509555,0.0,0.09090909090909091,-0.17407765595569785,0.0,0.0,0.0,0.0,0.0,-0.9999999999999998,0.7559289460184544,0.0,0.42257712736425823,-0.8660254037844385,0.0,0.9999999999999998,0.0,0.0,0.0,0.0,0.0,0.0,0.0,0.0,0.0,0.0,0.0,0.0,0.0,0.9999999999999998,0.0,0.0,0.0,-0.9707253433941508,0.0,-0.9999999999999998,0.0,0.09928550884822428,0.0,0.0,0.32444284226152503,0.0,-0.9999999999999998,0.0,-0.9999999999999998,0.9999999999999998,0.0,0.0,0.0
104636,0.0,0.0,0.0,-0.14503317846585823,0.5976143046671968,0.24155429135353876,-1.0,0.0,0.0,-0.5000000000000001,0.0,0.0,-0.9999999999999998,0.24571804673358055,0.0,-0.23312620206007845,-0.9999999999999998,0.0,-0.9999999999999998,0.0,0.0,0.0,0.0,0.5000000000000001,-1.0,0.0,0.0,0.0,-1.0,0.0,0.0,0.0,-0.19090778698767144,0.0,0.0,0.8703882797784892,0.0,0.0,0.0,0.1690308509457033,-0.5222329678670935,0.5000000000000001,-1.0000000000000002,0.0,-0.5,-0.19094065395649334,0.7740702698132101,0.9302605094190634,0.0,0.0,0.9999999999999998,0.9999999999999998,0.9801960588196069,0.1336306209562122,-0.5000000000000001,-0.4444444444444445,0.0,0.6507913734559686,0.0,0.0,0.0,0.0,0.0,0.0,1.0000000000000002,0.0,0.0,-0.5000000000000001,0.0,0.0,0.0,0.0,0.0,0.0,0.8315218406202998,0.0,-0.5773502691896258,0.1690308509457033,-1.0000000000000002,0.37387825055298296,0.0,1.0000000000000002,0.8116794499134278,0.0,0.5,-0.5652173913043478,0.5473987486932372,0.0,-0.9999999999999998,0.0,0.0
105028,0.0,0.0,0.0,-0.47245559126153397,0.0,-1.0,0.0,0.0,0.0,0.0,0.0,0.0,0.9999999999999998,0.0,0.0,0.0,0.0,0.0,0.0,0.0,0.0,0.0,0.0,0.0,0.9999999999999998,0.0,0.0,0.0,0.0,0.0,0.0,0.0,0.9999999999999998,0.0,0.0,0.5000000000000001,0.0,0.0,0.0,0.0,0.0,0.0,0.0,0.0,0.7559289460184546,0.0,0.0,0.0,0.0,0.0,0.0,0.0,1.0000000000000002,0.0,0.5000000000000001,0.0,0.0,0.0,0.0,0.0,0.0,0.0,0.0,0.0,0.0,0.0,0.0,0.9999999999999998,0.0,0.0,0.0,0.9999999999999998,-0.9999999999999998,0.0,0.9999999999999998,0.0,0.0,0.0,0.0,0.0,0.0,0.0,0.0,0.0,0.0,0.0,0.0,0.0,0.0,0.0,0.0
105517,0.0,0.0,0.0,0.2011475797968224,0.0,0.6933752452815364,0.0,0.0,0.0,0.0,0.0,-0.9999999999999998,0.0,0.0,0.0,0.0,0.0,0.9999999999999998,0.0,0.0,0.0,0.6546536707079771,0.0,0.0,0.0,0.0,-0.9999999999999998,0.0,0.0,1.0,0.0,0.0,0.09016696346674323,0.0,0.0,-0.9999999999999998,0.0,0.0,0.0,0.0,0.0,0.0,0.0,0.0,0.0,-0.9999999999999998,0.0,0.0,0.0,0.0,0.0,0.0,0.0,0.5,0.9999999999999998,0.0,0.0,0.9999999999999998,0.0,0.0,0.0,0.0,0.0,0.0,0.0,0.0,0.0,0.0,0.0,0.0,0.0,0.0,0.0,0.0,0.0,-0.9999999999999998,0.0,0.0,0.0,0.0,0.0,0.0,0.9999999999999998,0.0,0.9999999999999998,0.0,0.0,0.0,0.0,0.0,0.9999999999999998
105979,0.0,0.0,-1.0,-0.214466781455301,0.9999999999999998,-0.07894736842105263,0.0,0.0,0.0,0.0,0.0,0.0,0.0,-1.0,0.0,-1.0,-0.9999999999999999,0.0,0.9999999999999998,0.0,0.0,0.0,0.0,0.0,0.0,1.0,0.0,0.0,0.0,-0.2548235957188128,0.0,0.0,0.3333333333333333,0.0,0.0,-1.0,0.1690308509457033,0.0,0.0,0.0,-0.5222329678670935,-0.33333333333333337,0.0,0.32732683535398854,0.0,0.0,0.0,-0.9999999999999998,0.0,0.0,0.0,0.0,0.0,0.0,0.0,0.0,0.0,0.9999999999999998,0.0,0.0,0.0,0.0,0.0,0.0,0.0,0.0,0.0,0.0,0.0,0.0,0.0,0.0,0.0,0.0,-0.6933752452815365,0.0,0.0,0.0,0.9999999999999998,0.0,0.0,0.0,0.0,0.0,0.0,0.0,0.0,-1.0,1.0,0.0,0.0
107784,0.0,0.0,0.9999999999999998,-0.21779102088182759,0.0,0.727606875108999,0.0,0.0,0.0,0.0,0.0,0.0,0.0,-0.1889822365046136,0.0,0.0,0.0,0.0,0.0,0.0,0.0,-0.9999999999999998,0.9449111825230678,0.0,0.0,-1.0,0.0,0.0,0.0,0.0,0.0,0.0,0.0,0.0,0.0,0.0,-0.5222329678670935,0.0,0.0,-0.5222329678670935,0.0,0.0,0.0,0.0,0.9058216273156767,0.0,0.0,0.0,0.0,0.0,0.0,-0.9999999999999998,-0.11470786693528086,-1.0000000000000002,1.0000000000000002,0.6621221919717306,0.0,0.0,0.0,0.0,0.8029550685469661,0.0,0.0,1.0,0.0,0.0,0.0,-0.9434563530497265,0.0,0.8164965809277261,0.0,0.0,0.0,0.0,0.5000000000000001,0.0,0.0,0.0,0.0,-0.5,0.0,0.4472135954999579,-0.3884967530354061,0.0,1.0,-0.9999999999999998,0.0,0.0,0.0,0.0,0.0
110912,0.0,0.0,-0.9999999999999998,-0.2676296632892662,0.0,0.0,0.0,0.0,0.0,0.0,0.0,0.0,0.0,1.0,0.9999999999999998,0.0,-0.13363062095621225,0.0,0.0,0.0,0.0,0.0,0.0,0.0,0.0,0.0,0.0,0.9999999999999998,0.0,0.25,0.0,0.0,0.07484811885651191,0.0,0.0,0.0,0.5000000000000001,0.0,0.0,-0.33333333333333337,0.0,0.0,0.0,0.0,0.0,0.0,0.0,0.0,0.0,0.9999999999999998,0.0,0.0,0.0,0.0,0.0,0.0,-0.408248290463863,-1.0,0.6488856845230501,0.0,-0.9999999999999998,0.0,-0.33333333333333337,-0.3973597071195131,0.0,-0.9819805060619659,0.2533593918376833,0.0,1.0,0.0,0.0,0.0,-0.5773502691896257,0.0,0.0,-1.0000000000000002,-0.7559289460184545,0.9999999999999998,0.0,0.0,-0.8029550685469661,0.0,0.0,0.9999999999999998,0.13245323570650439,0.0,0.5773502691896258,0.41251432366269514,0.19245008972987526,-0.9819805060619655,0.0
110934,0.0,0.0,0.0,0.6875,0.0,-0.5,0.0,0.0,0.7071067811865475,0.0,0.0,0.0,0.0,-1.0000000000000002,0.9999999999999998,0.0,0.0,0.0,0.0,0.0,0.0,0.0,0.0,-0.33333333333333337,0.0,0.0,0.0,0.0,0.0,0.5833333333333333,0.0,0.5,1.0,0.0,0.0,-0.8545426619509555,-1.0000000000000002,0.0,0.0,0.0,0.0,0.0,0.0,0.0,0.5000000000000001,0.0,0.0,0.0,0.0,0.0,0.0,-1.0000000000000002,0.0,0.0,0.0,0.9999999999999998,0.0,-0.9999999999999998,0.0,0.5773502691896257,0.0,0.9999999999999998,0.0,0.0,0.4999999999999999,0.0,0.0,0.0,0.0,0.0,0.0,0.0,0.0,0.0,0.0,0.7745966692414834,0.0,0.0,0.0,-0.8660254037844385,0.0,0.0,-1.0,0.0,-0.1889822365046136,0.0,0.9999999999999998,0.0,0.0,0.8660254037844385,0.0
113270,0.0,0.0,0.0,0.054554472558998125,0.0,-0.34175337130065997,0.0,0.0,0.0,0.0,0.0,0.0,0.0,0.9999999999999998,0.0,0.0,0.0,0.0,0.9999999999999998,0.0,0.0,0.0,0.0,0.0,0.0,0.0,0.0,0.0,0.0,-0.5773502691896258,0.0,0.0,0.0,0.0,0.0,0.0,0.0,0.0,0.0,0.32732683535398854,0.0,0.0,0.0,0.0,0.0,0.0,0.0,0.32186034291019205,0.0,0.0,0.0,0.0,0.0,0.0,-0.9999999999999998,0.0,0.0,1.0,0.0,0.0,0.0,0.0,1.0,0.0,0.0,0.0,0.9999999999999998,-0.8660254037844385,0.0,0.0,0.0,0.0,0.0,0.0,0.9999999999999998,0.0,1.0000000000000002,0.0,-0.9999999999999998,0.0,0.0,0.0,0.0,0.0,0.0,0.0,-0.8660254037844385,0.0,0.0,0.0,0.0
126492,0.0,0.0,0.0,-0.1412638356497238,-0.5,0.8708635721768007,1.0,0.0,0.6698938453032357,0.0,0.0,0.0,0.0,0.9999999999999998,0.0,-0.8528028654224417,0.0,0.0,0.0,0.0,0.0,-1.0,-0.9999999999999998,0.0,0.0,0.0,0.0,0.0,-0.9999999999999998,0.0,0.0,0.0,0.0,-1.0,-0.9819805060619655,0.09090909090909091,-0.5,0.7559289460184546,0.0,0.0,0.9058216273156767,0.0,0.5000000000000001,0.0,0.0,0.0,0.0,0.0,0.0,0.0,-0.9999999999999998,-0.1889822365046136,0.0,0.7735737130957594,0.5773502691896258,0.0,0.0,-0.5,0.9999999999999998,0.0,0.16666666666666657,0.0,0.0,0.0,0.0,0.0,0.6546536707079771,0.0,-0.7559289460184544,0.10846522890932808,0.0,0.0,-0.9999999999999998,0.0,-0.512989176042577,-0.8703882797784892,0.0,0.5773502691896258,0.0,-0.30151134457776363,1.0,0.6546536707079772,-0.4885699182018388,0.18898223650461365,0.9460998335825324,0.4999999999999999,0.0,0.9999999999999998,0.0,-0.1889822365046136,0.0
135149,1.0,0.0,0.0,-0.31461389106727106,1.0000000000000002,0.0,0.0,0.0,0.0,0.9999999999999998,-0.33333333333333337,0.0,0.0,0.5000000000000001,0.0,1.0,0.0,0.0,0.0,0.0,0.0,0.0,-1.0,0.0,0.0,0.0,0.0,0.0,-1.0000000000000002,0.0,0.0,0.0,-0.2672612419124244,0.0,0.8660254037844385,-0.17407765595569785,-0.19094065395649334,0.0,-0.9999999999999998,0.0,0.0,0.0,0.0,0.0,0.0,0.0,0.0,0.0,0.0,0.0,0.0,0.6201736729460423,0.0,0.0,0.0,0.8660254037844385,-0.9999999999999998,0.0,-0.8660254037844385,0.9999999999999998,0.0,0.0,0.0,0.0,1.0,-1.0,0.0,-1.0,0.0,0.0,0.0,1.0,0.0,0.0,0.9999999999999998,1.0000000000000002,-1.0,0.0,0.0,0.5000000000000001,0.9819805060619656,0.0,-0.264575131106459,0.0,-1.0,0.0,0.0,0.8660254037844385,0.0,0.5897678246195888,0.0
136382,0.0,1.0000000000000002,0.0,-0.14614795004026182,0.0,1.0,0.0,0.0,0.0,0.9999999999999998,0.0,0.0,0.0,0.0,0.0,0.9999999999999998,0.2773500981126146,0.0,0.0,0.0,0.0,0.0,0.0,0.9999999999999998,0.0,0.0,0.0,0.0,0.0,0.0,0.0,0.0,0.5000000000000001,0.0,0.0,0.0,0.7740702698132101,0.0,0.0,0.0,0.0,0.0,0.0,0.0,0.0,0.0,0.0,0.0,0.0,0.0,0.0,0.0,0.0,0.0,0.0,0.3273268353539886,-0.8660254037844385,0.0,0.0,0.0,0.0,0.0,0.0,-0.8528028654224417,0.42640143271122083,0.0,0.0,0.9999999999999998,0.0,0.0,0.0,0.0,0.0,0.0,0.7777137710478189,0.0,0.9999999999999998,0.0,0.9999999999999998,-0.18898223650461368,0.0,0.0,0.0,-0.5773502691896258,0.0,-0.3885143449429057,0.0,0.0,0.0,0.0,0.0
140000,0.0,0.0,0.9999999999999998,-0.47451498783938373,-1.0,0.0,0.0,0.0,0.0,0.0,0.0,0.0,0.0,0.9449111825230683,0.0,0.9999999999999998,0.0,0.0,0.5960395606792697,0.0,0.0,0.0,0.0,0.0,0.0,0.0,0.0,0.0,0.0,0.0,0.0,0.0,-0.48424799847909306,0.0,0.0,0.0,0.9302605094190634,0.0,0.0,-0.9999999999999998,0.0,0.0,0.0,0.32186034291019205,0.0,0.0,0.0,0.0,0.0,0.0,0.0,0.9999999999999998,0.0,0.0,0.0,0.0,0.0,-0.14002800840280097,0.0,0.0,0.0,0.0,0.0,0.0,0.0,0.0,1.0,-0.9999999999999998,0.0,0.0,0.0,0.0,0.5000000000000001,0.0,0.9999999999999998,0.0,0.0,0.0,0.5,1.0,0.9999999999999998,0.0,-1.0000000000000002,0.0,-0.6708203932499369,0.0,0.0,0.0,0.0,0.0,0.0
140358,0.0,0.0,0.0,0.0,0.0,0.0,0.0,0.0,0.0,0.0,0.0,0.0,0.0,0.0,0.0,0.0,0.0,0.0,0.0,0.0,0.0,0.0,0.0,0.0,0.0,0.0,0.0,0.0,0.0,0.0,0.0,0.0,0.0,0.0,0.0,0.0,0.0,0.0,0.0,0.0,0.0,0.0,0.0,0.0,0.0,0.0,0.0,0.0,0.0,0.0,0.0,0.0,0.0,0.0,0.0,0.0,0.0,0.0,0.0,0.0,0.0,0.0,0.0,0.0,0.0,0.0,0.0,0.0,0.0,0.0,0.0,0.0,0.0,0.0,0.0,0.0,0.0,0.0,0.0,0.0,0.0,0.0,0.0,0.0,0.0,0.0,0.0,0.0,0.0,0.0,0.0
147847,0.0,0.0,0.0,0.260132990857236,0.0,0.9999999999999998,0.0,0.0,0.0,0.0,0.0,0.0,0.0,0.0,0.0,0.0,0.9999999999999998,0.0,0.0,0.0,0.0,0.0,0.0,0.0,0.0,0.0,0.0,0.0,0.0,0.0,0.0,0.0,0.0,0.0,0.0,0.0,0.0,0.0,0.0,0.0,0.0,0.9999999999999998,0.0,0.0,0.0,0.0,0.0,0.0,0.0,0.0,0.0,0.0,0.0,0.0,0.0,0.0,0.0,0.0,0.0,0.0,0.0,0.0,0.0,0.0,0.0,0.0,0.0,0.0,0.0,0.0,0.0,0.0,0.0,0.0,0.0,0.0,0.0,0.0,-0.9999999999999998,0.0,0.0,0.0,0.0,0.0,0.0,0.0,0.0,0.0,0.0,0.0,0.0
148744,0.0,0.0,0.0,-0.5700549611226297,0.0,0.0,0.0,0.0,0.0,0.0,0.0,0.0,0.0,0.5773502691896258,0.0,0.0,0.0,0.0,0.0,0.0,0.0,0.0,0.0,0.0,0.0,0.0,0.0,0.0,-0.5000000000000001,-0.9999999999999998,0.0,0.0,1.0,0.0,0.0,0.0,0.9999999999999998,0.0,0.0,0.0,0.0,0.0,0.0,0.0,-0.9999999999999998,0.0,0.0,0.0,0.0,0.0,0.0,0.0,0.0,-0.9999999999999998,0.0,-0.9999999999999998,-0.8660254037844385,0.0,0.0,0.5000000000000001,0.0,0.0,0.0,0.0,0.0,-1.0,0.6933752452815364,-0.5,0.0,0.0,0.0,0.0,0.0,0.0,0.0,0.0,0.0,0.0,1.0,0.0,0.0,0.0,-0.9999999999999998,0.0,-0.9999999999999998,0.0,0.0,0.0,0.0,-0.5000000000000001,0.0
150979,0.0,0.0,0.8703882797784892,0.27914526311954124,0.9999999999999998,0.5000000000000001,-0.32732683535398854,0.0,0.0,0.0,0.0,0.0,0.0,0.0,0.0,-0.9999999999999998,0.9999999999999998,0.0,0.0,0.0,0.0,0.0,0.0,0.0,0.6933752452815364,0.0,0.0,0.0,0.0,1.0,-0.5000000000000001,0.0,-0.1889822365046136,0.0,0.0,-0.9999999999999998,0.9999999999999998,0.0,0.0,0.0,-0.9999999999999998,0.0,-1.0000000000000002,0.0,-0.1889822365046136,0.6201736729460423,0.0,0.9999999999999998,0.0,0.0,0.0,0.0,0.0,0.0,0.0,0.0,0.9999999999999998,0.0,0.0,0.0,0.0,0.0,0.0,0.0,0.0,0.0,0.0,0.0,-0.9819805060619655,0.0,0.0,0.0,1.0,0.0,0.0,-0.8660254037844385,0.0,0.0,0.0,0.9999999999999998,1.0000000000000002,0.0,0.2461829819586655,0.0,0.5,0.0,0.9999999999999998,0.0,0.0,-0.4999999999999999,0.0
153662,0.8660254037844387,0.0,0.0,0.08056472056247962,0.0,-0.47140452079103173,-1.0,0.0,0.0,0.0,0.0,0.0,0.0,0.0,0.0,0.0,0.0,0.0,0.0,0.0,0.0,0.0,0.0,0.0,0.0,0.0,0.0,0.0,0.0,0.0,0.0,0.0,0.0,0.0,0.0,0.7559289460184544,0.9801960588196069,1.0000000000000002,0.0,0.0,-0.11470786693528086,0.0,0.0,0.0,0.0,0.0,0.0,0.0,0.0,0.0,0.0,0.0,0.0,0.0,0.5000000000000001,-0.2696799449852968,0.0,0.0,0.9999999999999998,0.0,0.0,0.0,0.0,0.0,0.0,0.0,1.0,0.0,0.0,0.0,0.0,0.0,0.0,0.0,0.0,0.0,0.0,0.0,0.0,0.0,0.0,0.0,0.0,0.0,0.0,0.0,0.5,0.0,0.0,0.0,0.0
158295,0.0,0.9999999999999998,0.9999999999999998,-0.1389782812447285,0.0,0.9819805060619656,0.0,0.0,0.0,0.0,0.0,0.0,0.0,-0.9999999999999998,0.0,0.8164965809277259,0.0,0.0,0.0,0.0,0.0,-1.0,0.0,0.0,0.0,0.0,0.0,0.0,0.0,0.0,0.0,0.0,0.0,0.0,0.0,0.0,0.1336306209562122,0.0,0.5,0.0,-1.0000000000000002,0.0,0.0,0.0,0.7735737130957594,0.0,0.0,0.0,0.0,0.0,-0.9999999999999998,0.0,0.0,0.0,0.0,0.0,0.0,0.8660254037844387,0.0,0.0,0.0,0.0,0.0,0.0,0.0,0.0,0.0,0.0,0.0,0.9999999999999998,0.0,0.0,1.0,0.0,0.0,0.0,0.0,0.0,0.0,-0.944911182523068,0.0,0.0,-0.8783100656536799,0.9999999999999998,0.5000000000000001,0.8660254037844387,0.0,0.0,0.0,0.0,0.0
158433,0.0,0.0,0.0,-0.06903675353874443,0.0,-0.2335496832484569,0.0,0.0,0.0,0.0,0.0,0.0,0.0,0.0,0.0,0.0,0.0,0.0,-0.9999999999999998,0.0,0.0,0.0,0.0,0.0,0.9999999999999998,0.0,0.0,0.0,-0.9999999999999998,0.0,0.0,0.0,0.0,0.0,0.0,0.42257712736425823,-0.5000000000000001,0.5000000000000001,0.9999999999999998,0.0,1.0000000000000002,0.0,0.0,-0.9999999999999998,0.5773502691896258,0.0,0.0,0.0,0.0,0.0,0.0,0.0,0.5000000000000001,0.0,0.0,0.0,0.0,0.0,0.0,0.0,0.0,0.0,0.0,0.0,0.0,0.0,0.0,0.9999999999999998,0.0,0.0,0.0,1.0,0.0,0.0,0.0,0.0,0.0,0.0,0.0,0.0,0.0,-0.9999999999999998,0.8660254037844385,0.0,0.0,0.0,0.0,0.9999999999999998,0.9999999999999998,0.0,0.9819805060619655
159506,0.0,0.0,0.0,-0.3750457847507963,0.0,-1.0000000000000002,0.0,0.0,0.0,0.8660254037844387,0.0,-0.5,0.0,0.0,0.0,0.9449111825230683,0.0,0.0,0.0,0.0,0.0,-0.5000000000000001,0.0,-0.9999999999999998,0.0,0.0,0.0,0.0,0.0,0.0,0.0,0.0,0.0,0.0,0.0,-0.8660254037844385,-0.4444444444444445,0.0,0.0,0.0,0.6621221919717306,0.0,0.9999999999999998,0.0,0.0,0.8660254037844385,0.3273268353539886,0.0,0.0,0.0,-0.9999999999999998,0.0,-0.2696799449852968,0.0,0.0,0.0,0.0,0.0,0.0,0.0,0.0,-1.0,0.0,0.0,0.9999999999999998,0.0,0.0,0.9999999999999998,0.0,0.0,0.0,0.0,0.0,0.0,0.18898223650461365,0.0,0.0,0.0,0.0,-0.5,0.0,-0.5,-0.21004201260420147,0.0,0.9999999999999998,-0.8164965809277259,0.0,0.0,0.0,0.0,0.0
162639,0.5,0.9999999999999998,0.8660254037844385,-0.4563373249801778,0.0,-0.9999999999999998,0.0,0.0,0.0,0.0,0.9428090415820635,0.0,1.0,-0.9999999999999998,1.0,-0.9999999999999998,-1.0000000000000002,0.0,0.0,0.0,0.0,0.0,0.0,0.0,0.0,1.0000000000000002,0.0,0.0,0.0,-1.0,-0.9999999999999998,0.0,0.0,0.0,0.0,0.0,0.0,0.0,0.0,0.0,0.0,-0.408248290463863,0.0,0.0,0.0,-0.9999999999999998,-0.8660254037844385,0.0,0.0,0.0,-0.8660254037844385,0.9999999999999998,0.0,0.0,0.0,0.0,0.0,0.0,1.0,0.9682458365518541,0.0,0.0,0.0,0.8551861104941365,0.0,0.0,-1.0000000000000002,0.8660254037844385,0.0,0.0,-0.2773500981126145,0.0,0.0,1.0,0.0,-0.5270462766947298,0.0,0.0,0.0,0.0,0.0,0.0,1.0,1.0000000000000002,0.0,0.0,-0.8660254037844385,0.8660254037844387,0.0,-1.0,0.0
164323,0.0,0.9999999999999998,0.0,-0.6339205688172401,0.0,0.8660254037844385,0.0,0.0,0.0,-0.8660254037844385,0.7905694150420945,0.0,0.0,0.0,0.0,-0.9999999999999998,0.0,0.0,0.0,0.0,0.0,-0.9999999999999998,0.0,0.0,0.0,0.0,0.0,0.0,0.0,-0.9999999999999998,0.0,0.0,0.10012523486435176,0.0,0.0,0.9999999999999998,0.6507913734559686,0.0,0.9999999999999998,0.9999999999999998,0.0,-1.0,-0.9999999999999998,1.0,-0.5,0.0,0.0,-0.14002800840280097,0.0,0.0,0.0,0.0,0.0,0.8660254037844387,0.0,0.0,0.0,0.0,0.0,0.0,0.0,0.0,0.0,0.0,0.0,0.0,0.0,-0.17407765595569785,0.0,0.0,0.0,0.0,0.0,0.0,0.0,0.0,0.0,0.9999999999999998,-1.0000000000000002,0.8029550685469662,0.0,0.0,0.0,0.0,0.8660254037844385,0.0,0.0,0.0,0.0,0.0,0.8660254037844385
165308,0.9999999999999998,0.0,-0.9999999999999998,0.266290837166864,0.0,-0.1889822365046136,0.0,0.08006407690254351,0.0,1.0,-0.9999999999999998,0.0,0.0,0.0,0.642824346533225,0.0,0.0,0.0,0.0,0.0,0.0,0.0,0.0,0.0,0.0,0.0,0.0,0.0,0.0,0.9999999999999998,0.9999999999999998,0.0,1.0,0.0,0.0,0.0,0.0,0.0,0.0,0.0,0.0,0.6488856845230501,0.0,0.0,0.9999999999999998,-0.8660254037844385,0.0,0.0,0.0,0.0,0.0,0.0,0.9999999999999998,0.0,0.0,0.0,1.0,0.0,0.0,0.3273268353539885,0.0,0.0,1.0000000000000002,-0.9566892062149212,0.0,0.0,-0.7559289460184544,-1.0,0.0,0.0,-0.5000000000000001,0.0,0.0,0.0,0.0,-0.7071067811865475,0.0,0.0,0.0,0.0,-0.9958705948858224,0.0,0.0,0.0,0.9999999999999998,0.0,0.0,-0.9999999999999998,-1.0,-0.4285714285714286,0.0
170513,0.0,0.0,0.0,-0.3929526239966879,0.0,-0.3273268353539886,0.0,0.0,0.0,0.0,0.0,0.0,0.0,1.0,-1.0000000000000002,0.0,1.0000000000000002,0.0,1.0,0.0,0.0,0.0,1.0,0.0,0.0,0.0,0.0,0.0,0.0,0.18898223650461363,0.0,0.0,0.0,0.0,0.0,0.0,0.0,0.0,0.0,0.0,0.0,0.0,0.5773502691896257,0.0,0.0,0.9999999999999998,0.0,0.0,0.0,0.0,0.5000000000000001,0.0,0.0,0.0,0.0,0.0,0.9682458365518541,0.0,0.3273268353539885,0.0,0.0,0.0,0.0,0.0,0.0,0.0,1.0,-0.5000000000000001,0.0,0.0,0.0,0.0,0.0,0.0,0.0,-0.5000000000000001,0.0,0.0,0.0,0.0,1.0,0.0,-0.5222329678670935,0.0,0.0,0.0,0.0,0.0,0.0,0.9999999999999998,0.0
177432,0.0,0.0,0.0,0.5604485383178051,0.0,0.0,0.0,0.0,0.9999999999999998,0.0,0.0,0.0,0.0,0.9999999999999998,0.0,0.0,0.0,0.0,0.0,0.0,0.0,0.9999999999999998,0.0,0.0,0.0,0.0,0.0,0.0,0.0,0.9999999999999998,0.0,0.0,1.0000000000000002,0.0,0.0,0.0,0.0,0.0,0.0,0.0,0.8029550685469661,-0.9999999999999998,0.0,0.0,0.16666666666666657,0.0,0.0,0.0,0.0,0.0,0.0,0.0,0.0,0.0,0.0,0.0,0.0,0.0,0.0,0.0,0.0,1.0000000000000002,0.0,0.0,0.9999999999999998,0.0,0.0,0.0,0.0,0.5,0.0,0.0,0.0,-0.9999999999999998,0.0,0.9999999999999998,0.0,0.0,0.0,0.0,0.0,0.9999999999999998,0.0,0.9999999999999998,0.9999999999999998,0.0,0.0,0.0,0.0,0.0,0.0
187145,0.0,0.0,0.0,-0.49374193110101877,0.0,1.0000000000000002,0.0,0.0,0.0,0.0,0.0,0.0,0.0,0.0,0.0,1.0,0.0,0.0,0.0,0.0,0.0,1.0,0.0,0.0,0.0,0.0,0.0,0.0,0.0,0.0,0.0,0.0,0.0,0.0,0.9999999999999998,0.0,0.0,0.0,0.0,0.0,0.0,0.0,0.9999999999999998,0.0,0.0,0.0,0.0,0.0,0.0,0.0,0.0,0.0,0.0,0.0,0.0,-1.0,0.0,0.0,0.0,0.0,1.0000000000000002,0.0,0.0,0.0,0.9999999999999998,0.0,0.0,0.0,0.0,0.0,0.9999999999999999,0.0,0.0,0.0,0.0,0.0,1.0000000000000002,0.0,0.0,0.9999999999999998,0.0,0.0,0.0,0.0,0.0,0.0,0.0,0.0,0.0,0.9999999999999998,0.0
187256,0.0,0.0,0.0,0.22116293423234573,0.0,1.0000000000000002,0.0,-1.0,0.0,0.0,0.0,0.0,0.0,0.0,0.0,0.0,0.0,0.5000000000000001,0.0,0.0,0.0,-0.9999999999999998,0.0,0.0,0.0,0.0,0.0,0.2401922307076307,0.0,0.9999999999999998,1.0,0.0,0.9449111825230679,0.0,0.0,0.0,0.0,0.0,0.0,0.0,0.0,-0.33333333333333337,0.0,1.0,0.0,0.0,0.0,0.0,0.0,0.0,0.0,0.0,0.0,0.0,0.0,0.0,0.0,0.0,1.0000000000000002,0.0,0.0,0.0,0.0,-0.9449111825230682,0.0,-0.944911182523068,-1.0,1.0,0.0,0.0,0.9999999999999999,0.0,0.0,0.0,0.0,0.0,0.0,0.0,0.0,0.0,-0.9999999999999998,0.0,0.0,0.0,0.9819805060619656,0.0,0.0,0.0,-0.9958705948858223,0.0747017880833996,0.0
196077,0.0,0.0,0.0,-0.42464064845429056,0.0,-0.9999999999999998,0.0,1.0,0.0,0.0,1.0000000000000002,0.0,0.0,0.0,-1.0,-1.0,-0.8029550685469663,0.0,0.0,0.0,0.0,0.0,0.0,0.0,0.0,0.0,0.0,0.0,0.9999999999999998,0.0,0.0,0.0,-1.0000000000000002,0.0,0.0,0.0,0.0,0.0,0.0,0.0,1.0,-0.3973597071195131,0.0,0.0,0.0,0.0,-0.8528028654224417,0.0,0.0,0.0,0.0,0.0,0.0,0.0,0.0,0.0,0.8551861104941365,0.0,-0.9566892062149212,0.0,0.0,0.0,-0.9449111825230682,0.0,0.0,-0.9999999999999998,0.6882472016116852,0.0,0.0,0.0,1.0000000000000002,0.0,0.0,0.0,0.0,0.9449111825230683,-0.9999999999999998,0.0,0.0,0.0,0.6622661785325219,0.0,0.0,0.0,-0.9999999999999998,0.0,0.0,1.0,0.5000000000000001,-0.9449111825230682,0.0
200226,0.0,0.0,-1.0,-0.38113961008652725,0.0,0.0,1.0,0.0,0.0,0.0,0.0,0.0,0.0,1.0,0.0,0.9999999999999998,0.0,0.0,0.0,0.0,0.0,0.0,0.0,0.0,0.0,0.0,0.0,0.0,0.0,0.0,0.0,0.0,1.0,0.0,0.0,0.0,1.0000000000000002,0.0,0.0,0.0,0.0,0.0,0.4999999999999999,0.0,0.0,1.0,0.42640143271122083,0.0,0.0,0.0,0.0,0.0,0.0,0.0,0.0,0.9999999999999998,0.0,0.0,0.0,0.0,0.9999999999999998,0.9999999999999998,0.0,0.0,0.0,0.0,0.0,0.0,0.0,0.0,0.0,0.0,0.0,0.0,0.0,0.5,0.0,0.0,0.0,0.0,0.0,0.0,0.0,-0.5000000000000001,1.0,-0.5000000000000001,1.0,0.0,1.0,0.0,0.0
203240,0.0,0.0,0.0,0.23516004145696012,0.0,-0.1889822365046136,0.0,0.0,0.0,0.0,0.0,0.0,0.0,0.0,0.0,0.0,0.0,0.0,0.0,0.0,0.0,0.0,0.0,0.0,0.0,0.9999999999999998,0.0,0.0,-0.1889822365046136,-0.3273268353539886,0.0,0.0,0.953747635118964,0.0,0.0,0.0,0.0,0.0,0.0,0.0,0.0,-0.9819805060619659,0.0,0.0,0.0,-1.0,0.0,0.0,0.0,0.0,-1.0,0.0,0.0,0.0,0.0,0.0,0.0,0.0,0.0,0.0,0.0,0.0,-0.944911182523068,-0.9999999999999998,0.0,0.0,-0.10206207261596575,0.0,0.0,0.0,0.0,0.0,0.9999999999999998,0.0,-0.9999999999999998,0.0,-0.18898223650461363,0.0,0.0,0.0,-0.9999999999999998,0.0,0.0,0.0,0.0,0.0,0.0,0.0,-1.0,-1.0,0.0
204864,0.6831300510639732,0.0,0.0,0.0,0.0,0.016755332185712252,0.0,1.0000000000000002,0.0,0.0,0.0,0.0,0.0,0.0,0.0,0.9999999999999998,0.0,0.3333333333333333,0.0,0.0,-0.9999999999999998,0.0,0.0,0.0,0.0,-0.420084025208403,0.0,-0.9999999999999998,0.9999999999999998,0.0,0.0,0.0,0.4640954808922571,0.0,0.0,0.0,0.0,0.0,0.0,0.0,0.0,0.2533593918376833,0.0,0.9999999999999998,0.6546536707079771,0.0,0.0,1.0,0.0,0.0,0.6933752452815364,0.0,1.0,0.0,0.0,0.0,-1.0000000000000002,0.0,-0.7559289460184544,1.0,0.0,0.0,-1.0,0.6882472016116852,0.0,-0.10206207261596575,0.0,0.9999999999999998,0.0,0.0,0.0,0.0,0.0,0.0,0.0,0.0,0.917662935482247,0.0,-0.5447047794019222,0.0,1.0000000000000002,0.0,0.0,0.0,-0.8660254037844385,0.0,-0.447213595499958,0.0,0.0,-0.8164965809277261,0.0
210485,0.0,0.0,-0.5,0.09332952260264679,0.0,0.492365963917331,0.0,0.0,0.0,0.0,0.0,0.0,0.9438798074485389,0.0,0.9999999999999998,0.0,0.0,0.0,0.0,0.0,0.0,-0.8660254037844385,0.0,0.0,0.9999999999999998,0.0,0.0,0.9999999999999998,-0.9999999999999998,0.8478260869565218,0.9999999999999998,0.0,0.9271726499455307,0.0,0.0,0.0,-0.5000000000000001,0.9999999999999998,0.0,0.0,-0.9434563530497265,0.0,0.0,-0.8660254037844385,0.0,-1.0,0.9999999999999998,-0.9999999999999998,0.0,0.0,-0.5,0.0,0.0,0.0,0.9999999999999998,0.9999999999999998,0.8660254037844385,-0.17407765595569785,-1.0,-0.5000000000000001,0.0,0.0,1.0,0.0,0.0,0.0,0.9999999999999998,0.0,0.0,0.0,0.0,0.7559289460184544,0.0,0.0,1.0000000000000002,0.0,0.9449111825230683,0.0,0.18898223650461368,0.0,0.0,0.0,1.0000000000000002,0.0,0.5,-0.9999999999999998,-0.9999999999999998,0.0,0.0,0.0,0.3273268353539885
211426,0.0,0.0,1.0,0.4225771273642583,0.0,0.0,0.9999999999999998,0.0,0.17407765595569785,0.0,0.0,0.0,0.0,0.0,0.0,0.9999999999999998,0.0,0.0,0.0,0.0,0.0,0.0,0.0,-1.0000000000000002,0.0,0.0,0.0,0.0,0.0,0.0,0.0,0.8660254037844385,0.0,0.0,0.0,0.0,0.0,0.0,0.0,0.0,0.0,1.0,0.0,0.0,-0.7559289460184544,0.0,0.0,0.0,0.0,0.0,0.0,-0.9819805060619655,0.0,0.0,0.0,0.0,0.0,0.0,0.0,0.0,0.0,0.0,0.0,0.0,0.0,0.0,0.0,0.0,0.0,0.0,0.0,0.0,0.0,0.0,0.0,0.40824829046386313,0.0,0.0,0.0,0.0,0.0,0.0,-0.3973597071195131,0.0,-0.8660254037844385,0.0,0.0,0.0,-0.8660254037844385,0.0,0.0
214786,0.0,0.0,-0.33333333333333337,0.3830229586152079,0.0,0.0,0.0,0.0,0.9999999999999998,0.0,0.0,0.0,0.0,0.0,0.0,0.0,0.0,0.0,0.0,0.0,0.0,0.0,0.0,0.0,0.0,-0.9999999999999998,0.0,0.0,0.0,0.0,0.0,0.0,0.0,0.0,0.0,0.0,0.0,0.0,0.0,0.0,0.8164965809277261,0.0,0.0,0.0,0.10846522890932808,0.0,0.0,0.0,0.0,0.0,0.0,0.0,0.0,0.9999999999999998,0.0,0.0,0.0,0.0,0.0,0.0,0.5,0.0,0.0,0.0,0.0,0.0,0.0,0.0,0.0,0.0,0.0,0.0,0.0,-0.9999999999999998,0.0,-0.5000000000000001,0.0,-0.9045340337332909,0.0,-0.9999999999999998,0.0,0.5261522196019803,0.8728715609439694,0.0,0.0,0.9999999999999998,0.0,0.9999999999999998,0.0,0.0,0.0
220688,0.0,0.0,0.0,0.36643160422306703,0.0,0.0,0.0,0.0,0.0,0.0,1.0,0.0,0.0,0.0,-0.6831300510639733,1.0000000000000002,0.0,0.0,0.0,0.0,0.0,0.0,0.0,0.0,0.0,0.0,0.0,0.9999999999999998,0.0,0.0,0.0,0.0,0.0,0.0,0.0,0.0,0.0,0.0,0.0,0.0,0.0,0.0,0.0,0.0,0.0,0.0,0.0,0.0,0.0,0.0,0.0,0.0,0.0,0.0,0.0,0.0,-0.2773500981126145,0.0,-0.5000000000000001,0.0,0.0,0.9999999999999999,0.9999999999999999,1.0000000000000002,0.0,0.0,0.0,0.0,0.0,0.0,0.0,0.0,0.0,0.0,0.0,0.3162277660168381,0.0,0.0,0.0,0.0,0.0,0.0,0.0,0.0,0.0,0.0,0.0,0.0,0.0,0.9933992677987827,0.0
224349,0.0,0.0,0.0,-0.5809475019311126,0.0,0.9999999999999998,0.0,0.9999999999999998,0.0,0.0,0.0,0.0,0.9999999999999998,0.0,0.0,0.0,0.0,0.0,0.0,0.0,0.0,0.0,0.0,0.0,0.9999999999999998,0.0,0.0,0.0,0.0,0.0,0.0,0.0,-0.9128709291752769,0.0,0.0,0.9999999999999998,0.0,0.9999999999999998,0.0,0.0,0.0,0.0,0.0,0.0,0.0,1.0,0.0,0.0,0.0,0.0,0.0,0.0,0.0,0.0,1.0,0.0,0.0,0.0,0.0,0.0,0.0,0.0,0.0,0.0,0.0,0.0,0.0,0.7559289460184544,0.0,0.0,0.0,0.0,0.0,0.0,0.0,0.0,0.0,0.0,0.0,0.0,0.0,0.0,0.0,0.0,0.0,0.0,0.0,0.0,0.0,0.0,0.0
225763,0.0,1.0,0.7745966692414834,-0.23145502494313788,0.0,0.7169771439171534,0.0,0.0,0.0,0.0,0.0,0.0,0.0,0.0,0.0,0.0,0.7559289460184546,0.0,0.0,0.0,0.0,0.0,0.0,0.0,0.0,0.0,0.0,0.0,0.0,0.5000000000000001,0.0,0.0,-0.8728715609439694,0.0,0.0,0.0,0.0,-0.9999999999999998,0.0,0.0,0.0,-0.5773502691896257,0.0,0.0,-0.9999999999999998,0.0,0.0,0.5000000000000001,0.0,0.0,0.0,1.0,0.0,1.0,0.0,0.0,0.0,0.0,0.0,0.0,0.0,0.0,0.0,0.0,0.0,0.9999999999999998,0.0,0.0,0.0,0.0,0.0,0.0,0.0,0.0,-1.0,0.0,-1.0,-1.0,0.7559289460184546,0.0,0.0,0.0,0.0,-0.5000000000000001,0.0,0.0,-0.7559289460184546,0.0,0.0,0.0,0.0
226965,0.0,0.0,0.0,0.11812488464372368,0.0,-0.9999999999999998,0.0,0.0,0.0,0.0,0.0,0.0,0.0,0.0,0.0,0.0,0.0,0.0,0.0,0.0,0.0,0.0,0.0,0.0,0.0,0.0,0.0,0.0,0.0,0.0,0.0,0.0,0.944911182523068,0.0,0.0,0.0,0.0,0.0,0.0,0.0,0.0,0.0,0.0,0.0,0.0,0.0,0.0,0.0,0.0,0.0,0.0,0.0,0.0,0.0,0.0,0.0,1.0,0.0,0.0,0.0,-0.9999999999999998,0.0,0.0,0.0,0.0,0.0,0.0,0.0,0.0,-0.9999999999999998,0.0,0.0,0.0,0.0,0.9999999999999998,0.0,0.0,0.0,0.0,0.0,0.0,0.0,0.0,0.0,0.0,0.0,0.0,0.0,0.0,0.0,0.0
227705,-0.9999999999999998,0.0,0.0,-0.43887362975357924,-1.0,0.41079191812887456,0.0,0.0,0.0,0.0,0.0,0.0,0.0,1.0000000000000002,0.0,0.12262786789699315,0.0,0.0,0.0,0.0,0.0,0.0,0.944911182523068,0.0,-1.0,0.0,0.9999999999999998,0.0,-0.9449111825230678,0.5,0.0,0.0,0.0,0.0,0.0,0.0,0.8315218406202998,0.9999999999999998,0.0,-0.6933752452815365,0.5000000000000001,0.0,0.0,0.9999999999999998,-0.512989176042577,0.9999999999999998,0.7777137710478189,0.9999999999999998,0.0,0.0,0.0,0.0,0.0,0.0,0.0,0.18898223650461365,0.0,0.0,0.0,0.0,0.0,0.0,0.0,0.0,0.0,-0.9999999999999998,0.0,1.0000000000000002,0.0,0.0,0.0,0.0,-1.0,0.9999999999999998,0.0,-1.0,1.0,0.9045340337332909,0.0,0.0,0.0,0.0,0.4020151261036848,0.0,-0.49999999999999983,0.0,0.0,0.0,0.9999999999999998,0.0,0.0
229741,0.0,0.0,-0.7559289460184544,-0.17643446767894816,0.0,-0.4999999999999999,-0.9999999999999998,0.5000000000000001,0.9999999999999998,-0.9999999999999998,0.0,-0.5,-0.9999999999999998,0.0,0.7501937734175209,0.0,0.0,0.0,0.0,0.0,0.0,0.3273268353539885,0.0,0.0,0.9999999999999998,0.8164965809277259,0.0,0.0,0.0,0.1428571428571429,0.0,0.0,0.7071067811865475,0.8660254037844385,0.0,-0.9707253433941508,0.0,0.0,-0.9999999999999998,0.0,0.0,-1.0000000000000002,0.7745966692414834,0.0,-0.8703882797784892,1.0000000000000002,0.0,0.0,0.0,0.0,0.0,-0.8660254037844385,0.0,0.0,0.0,0.0,-0.5270462766947298,0.0,-0.7071067811865475,-0.5000000000000001,0.9999999999999998,0.0,0.0,0.9449111825230683,0.5,0.0,0.0,0.0,0.40824829046386313,-0.5000000000000001,0.3162277660168381,0.0,0.0,0.0,-1.0,0.0,0.0,0.0,0.0,0.0,0.0,0.0,-0.5393193716300061,0.0,-0.32274861218395134,0.0,0.0,0.0,0.9999999999999998,0.34299717028501775,0.0
231210,0.0,0.0,0.0,-0.40528678056908524,0.0,-0.9684959969581862,0.0,0.0,0.0,0.0,0.0,0.0,0.0,0.0,0.0,0.0,0.0,0.0,1.0,0.0,0.0,0.0,0.0,0.0,0.0,-0.9999999999999998,0.0,0.0,0.0,0.0,0.0,0.0,0.8093123765957441,0.0,0.0,0.0,-0.5773502691896258,0.0,0.0,0.0,0.0,-0.7559289460184545,0.0,1.0000000000000002,0.0,-1.0,0.9999999999999998,0.0,0.0,0.0,0.0,0.0,0.0,0.0,0.0,0.0,0.0,0.0,0.0,0.0,0.0,1.0000000000000002,0.0,-0.9999999999999998,0.0,-0.18898223650461363,0.917662935482247,0.9449111825230683,0.0,0.0,0.0,0.0,-1.0,0.0,1.0,0.0,0.0,0.0,0.7559289460184544,1.0,0.0,0.0,0.0,0.0,0.0,0.0,0.9999999999999998,0.0,1.0,0.0,0.0
232945,0.0,0.0,0.5000000000000001,-0.1581138830084189,0.0,-0.8783100656536799,0.0,0.0,0.0,0.0,0.408248290463863,0.0,0.0,0.0,0.0,0.0,0.0,0.0,0.0,0.0,0.0,0.0,0.0,0.0,0.0,0.0,0.0,0.0,0.0,0.0,0.0,0.0,0.0,0.0,0.0,-0.9999999999999998,0.1690308509457033,0.0,0.0,0.0,0.0,0.9999999999999998,0.0,0.0,0.5773502691896258,0.0,0.0,0.0,0.0,0.0,0.0,0.0,0.0,0.0,0.0,0.0,0.0,0.9999999999999998,0.0,0.0,0.0,0.0,0.0,0.0,0.0,0.0,0.0,0.0,0.0,-0.9045340337332909,0.0,0.0,-1.0,0.0,0.9045340337332909,0.0,0.0,0.0,0.0,0.0,0.0,0.0,-0.5000000000000001,0.0,0.0,1.0000000000000002,0.0,-0.9999999999999998,0.0,0.0,0.0
235282,0.0,0.0,0.0,-0.14686837386151178,0.0,-0.8660254037844385,0.0,0.0,0.0,0.0,0.0,0.0,0.0,0.0,0.0,-0.9999999999999998,-0.9999999999999998,-1.0,0.0,0.0,0.0,0.0,0.0,0.0,0.0,0.9999999999999998,0.0,0.0,0.0,-1.0,0.0,0.0,-0.9622504486493763,0.0,0.0,0.0,-1.0000000000000002,0.0,0.0,0.9999999999999998,0.0,0.0,0.0,-0.9999999999999998,0.0,0.0,0.9999999999999998,0.5,0.0,-0.9999999999999998,1.0,0.0,0.0,0.0,0.0,0.0,0.0,-1.0000000000000002,0.0,0.0,0.0,0.0,0.0,0.0,0.0,0.0,-0.5447047794019222,0.18898223650461368,0.0,0.0,0.0,0.0,0.7559289460184546,0.0,0.0,0.0,0.7559289460184544,0.0,0.0,0.0,0.0,0.0,0.0,0.0,0.0,0.0,-0.5383819020581656,0.0,0.917662935482247,0.0,0.0
236340,0.0,0.0,0.0,-0.19245008972987526,0.8528028654224417,-0.5000000000000001,0.0,0.0,-0.9999999999999998,0.0,0.0,0.0,0.0,1.0000000000000002,1.0,1.0,0.9999999999999998,0.0,0.0,0.0,0.0,0.7559289460184543,0.0,0.6933752452815364,0.0,0.0,0.0,0.0,0.0,0.0,0.0,0.0,0.7559289460184545,0.0,0.9999999999999998,0.09928550884822428,0.37387825055298296,0.0,0.0,0.0,-0.5,0.0,-0.8660254037844385,0.0,-0.30151134457776363,0.5000000000000001,-0.18898223650461368,1.0,0.0,0.0,0.0,0.9999999999999998,0.0,-0.944911182523068,0.0,-0.5,0.0,0.8029550685469662,0.0,0.0,0.0,0.9999999999999998,0.0,0.0,0.0,0.0,0.0,0.0,0.0,-0.9999999999999998,0.0,0.0,0.0,0.0,0.0,0.0,1.0,0.0,0.0,0.0,0.0,0.0,0.8660254037844387,0.0,0.0,0.06629935441317962,-0.9999999999999998,0.0,0.0,0.0,0.0
236757,0.9999999999999998,0.0,0.0,-0.10976425998969035,0.0,0.8660254037844385,0.0,0.9999999999999998,0.0,0.0,0.0,0.0,0.0,-0.9999999999999998,0.0,0.0,1.0,0.0,0.0,0.0,0.0,0.0,0.0,0.0,0.0,0.0,0.0,0.0,0.9999999999999998,0.0,0.0,0.0,-0.5399687630411976,0.0,0.0,0.0,0.0,0.0,0.0,0.0,0.0,-0.8029550685469661,0.0,0.0,1.0,0.9819805060619656,0.0,0.9999999999999998,0.0,0.0,0.0,1.0000000000000002,0.0,0.0,0.0,0.0,0.0,0.0,-0.9958705948858224,1.0,0.0,0.0,-0.9999999999999998,0.6622661785325219,0.0,-0.9999999999999998,1.0000000000000002,0.0,0.0,0.0,0.0,0.0,0.0,0.0,0.0,0.0,0.0,0.0,0.0,0.0,0.0,0.0,-0.9878291611472622,0.9999999999999998,-0.7071067811865475,0.0,0.0,0.0,0.5773502691896258,-0.9999999999999998,0.0
241980,0.0,0.0,-0.9999999999999998,-0.06547793527289071,0.0,-0.17407765595569785,0.0,0.0,0.0,0.0,0.0,0.0,0.0,0.33333333333333337,0.0,0.0,0.0,0.0,0.0,0.0,0.0,0.0,0.0,0.0,0.0,0.0,0.0,0.0,0.0,0.0,0.0,0.0,0.0,0.0,0.0,0.0,1.0000000000000002,0.0,0.0,0.0,0.4472135954999579,0.0,0.0,0.0,0.6546536707079772,0.0,0.0,0.0,0.0,0.0,0.0,0.0,0.0,0.0,-0.9999999999999998,-0.5,0.0,0.0,0.0,0.0,0.9999999999999998,0.0,0.0,0.0,0.0,0.0,0.0,0.0,0.0,0.5261522196019803,0.0,0.0,0.0,0.0,0.0,0.0,0.0,0.0,0.0,0.0,0.0,0.0,0.0,0.0,0.0,0.8006407690254356,0.9999999999999998,0.9999999999999998,0.0,0.0,0.0
242083,1.0,0.0,-0.9999999999999998,-0.14173141021714442,0.8703882797784892,0.16116459280507606,0.0,0.0,-0.8029550685469662,0.0,0.0,-0.1889822365046136,0.0,0.0,0.0,0.5573704017131537,0.0,0.0,0.0,0.0,0.0,0.9449111825230678,0.654653670707977,0.0,0.9999999999999998,0.0,0.0,0.0,0.1889822365046136,0.0,0.0,0.0,0.0,-0.8660254037844385,-1.0,0.32444284226152503,0.8116794499134278,0.0,0.9999999999999998,0.0,-0.3884967530354061,0.0,-1.0,0.0,-0.4885699182018388,-0.264575131106459,0.0,-1.0000000000000002,0.0,0.0,-0.9999999999999998,0.2461829819586655,0.0,-0.8783100656536799,0.8660254037844385,-0.21004201260420147,1.0,0.0,0.0,-0.5222329678670935,0.0,0.0,0.0,0.0,0.0,0.0,0.0,1.0000000000000002,-0.3973597071195131,0.8728715609439694,0.0,0.0,0.0,0.0,0.4020151261036848,-0.5393193716300061,0.0,-0.5000000000000001,0.0,0.8660254037844387,-0.9878291611472622,0.0,0.0,-0.9999999999999998,0.42126273187113455,0.0,-0.05598925109558543,0.9999999999999998,0.0,0.0,-0.9999999999999998
245410,1.0,0.0,0.0,-0.3841106397986879,0.0,0.0,0.0,0.0,0.8660254037844385,0.0,0.0,0.0,0.0,-0.5000000000000001,0.0,0.1889822365046136,0.0,0.0,0.0,0.0,0.0,0.0,0.0,0.0,0.0,0.0,0.0,0.0,0.0,0.0,0.0,0.0,0.8164965809277259,0.0,0.0,0.0,0.0,0.0,0.0,0.0,0.0,0.9999999999999998,0.0,0.0,0.18898223650461365,0.0,-0.5773502691896258,0.0,0.0,0.0,0.0,0.0,0.0,0.9999999999999998,0.0,0.0,1.0000000000000002,0.0,0.0,0.0,0.9999999999999998,0.0,0.0,0.0,-0.5000000000000001,0.0,0.0,0.0,0.0,0.0,0.0,0.0,-0.5000000000000001,0.0,0.0,0.0,0.0,0.0,0.0,0.0,0.9999999999999998,0.0,-0.9999999999999998,0.0,-0.09759000729485333,0.6123724356957947,0.0,0.0,0.0,0.0,1.0000000000000002
255489,0.0,0.0,0.0,0.09428349084638764,0.0,-1.0,0.0,0.0,0.4999999999999999,1.0,0.0,0.0,0.0,0.4999999999999999,0.9999999999999998,-0.9819805060619655,0.0,0.0,-0.9999999999999998,0.0,0.0,0.0,0.0,0.0,0.0,0.0,0.0,0.0,0.0,0.15724272550828777,0.9999999999999998,0.0,0.6788228329958349,0.0,0.0,-0.9999999999999998,0.5,0.0,0.9999999999999998,0.0,1.0,0.13245323570650439,-0.1889822365046136,0.0,0.9460998335825324,-1.0,0.0,-0.6708203932499369,0.0,0.0,-0.9999999999999998,0.5,0.0,0.5000000000000001,0.0,0.9999999999999998,0.0,0.8660254037844385,0.9999999999999998,0.0,0.9999999999999998,0.0,0.9819805060619656,-0.9999999999999998,1.0,0.0,-0.8660254037844385,0.5,-0.8660254037844385,0.0,0.0,0.0,0.0,0.0,-0.49999999999999983,-0.32274861218395134,0.0,0.0,0.0,0.0,-0.7071067811865475,0.0,0.42126273187113455,-0.09759000729485333,0.0,0.0,0.18898223650461365,0.0,-0.9999999999999998,0.0,-0.9999999999999998
258534,0.0,0.5,0.0,-0.3783262759018302,0.0,-0.6571428571428571,0.0,0.0,0.0,-0.9999999999999998,-0.5,0.0,0.0,1.0,0.0,0.0,-0.9999999999999998,0.0,0.0,0.0,0.0,0.0,0.0,1.0,0.0,0.0,0.0,0.0,0.0,0.0,-1.0,0.0,-1.0,0.0,0.0,0.0,-0.5652173913043478,0.0,0.0,0.0,-0.9999999999999998,0.0,0.0,0.0,0.4999999999999999,0.0,-0.3885143449429057,0.0,0.0,0.0,0.0,0.0,0.0,0.8660254037844387,0.0,-0.8164965809277259,0.0,0.0,0.0,0.0,0.0,0.0,0.0,0.0,-0.5000000000000001,0.0,0.0,-0.9999999999999998,0.0,0.9999999999999998,0.0,0.0,0.0,0.0,0.0,0.0,0.0,1.0000000000000002,0.0,0.06629935441317962,0.0,0.8006407690254356,0.0,0.6123724356957947,0.0,0.0,0.0,0.5000000000000001,0.0,1.0,0.0
261829,0.0,0.0,0.0,0.1574832682915688,0.0,-0.31980107453341566,0.0,0.0,0.0,0.0,0.0,0.0,0.0,0.0,0.0,0.0,0.0,-1.0,0.0,0.0,0.0,0.0,0.0,0.0,0.0,0.0,0.0,0.0,0.0,0.0,-0.9999999999999998,0.0,0.18938850476964253,0.0,0.0,-0.9999999999999998,0.5473987486932372,0.0,0.0,0.0,0.0,0.5773502691896258,0.9999999999999998,-0.8660254037844385,0.0,0.0,0.0,0.0,0.0,0.0,0.0,0.9999999999999998,0.5,0.0,0.0,0.0,-0.8660254037844385,0.0,0.0,0.0,0.0,0.0,0.0,0.0,1.0,0.0,-0.447213595499958,-0.9999999999999998,0.0,0.0,0.0,0.0,-0.7559289460184546,0.0,0.0,0.0,0.9999999999999998,0.0,-0.5383819020581656,-0.9999999999999998,0.0,0.9999999999999998,-0.05598925109558543,0.0,0.18898223650461365,0.0,0.0,0.0,1.0,0.0,0.0
265115,0.0,0.0,-0.9999999999999998,0.6180254726923975,0.0,0.0,0.0,0.0,0.0,0.0,1.0,0.0,0.0,0.0,-0.9999999999999998,0.0,-1.0000000000000002,0.0,0.0,0.0,0.0,0.0,0.0,0.0,0.0,0.0,0.0,0.0,0.0,0.0,0.0,0.0,1.0,0.0,0.0,0.9999999999999998,0.0,0.0,0.0,-1.0,0.0,0.41251432366269514,0.0,0.0,0.9999999999999998,0.8660254037844385,0.0,0.0,0.0,0.0,0.0,0.0,0.0,0.0,0.9999999999999998,0.0,0.8660254037844387,0.0,-0.9999999999999998,0.0,0.0,0.0,0.0,1.0,0.0,0.0,0.0,0.0,0.0,0.9999999999999998,0.0,0.0,0.0,0.0,0.0,0.0,0.0,-0.9999999999999998,0.0,0.0,0.0,0.9999999999999998,0.9999999999999998,0.0,0.0,0.5000000000000001,0.0,0.0,0.0,0.0,0.0
270713,0.0,0.0,-0.654653670707977,-0.3398553291282073,1.0,-0.08006407690254358,0.0,1.0,0.0,0.0,0.0,0.0,0.0,0.0,-0.9999999999999998,0.9999999999999998,-1.0,0.0,0.0,0.0,0.0,0.0,0.0,0.0,0.0,0.0,0.0,0.0,0.0,0.0,-0.9999999999999998,0.0,0.0,0.0,0.0,0.0,-0.9999999999999998,0.0,0.0,1.0,0.0,0.19245008972987526,0.0,0.0,0.0,0.0,0.0,0.0,0.0,0.0,0.0,0.0,0.0,0.0,0.9999999999999998,0.0,0.0,0.0,-1.0,0.0,0.0,0.0,-0.9958705948858223,0.5000000000000001,1.0,-1.0,0.0,0.0,-0.8660254037844385,0.0,0.0,0.0,0.0,0.0,0.9999999999999998,0.9999999999999998,1.0,0.0,0.917662935482247,0.0,0.5773502691896258,0.0,0.0,0.0,-0.9999999999999998,0.0,1.0,0.0,0.0,-0.9999999999999998,0.0
271448,0.0,0.0,0.0,0.2407226527868204,0.0,0.054865606697768944,0.9999999999999998,0.0,0.0,0.0,0.0,0.0,0.0,0.0,0.0,0.0,0.0,0.9707253433941511,0.0,0.0,0.0,0.0,-0.18898223650461363,0.0,0.0,0.0,0.0,1.0000000000000002,-1.0000000000000002,0.0,0.0,1.0,-0.16666666666666669,0.0,0.0,0.0,0.0,0.0,0.0,0.0,0.0,-0.9819805060619655,0.8660254037844385,0.0,-0.1889822365046136,0.5897678246195888,0.0,0.0,0.0,0.0,-0.5000000000000001,-0.4999999999999999,0.0,0.0,0.0,0.0,-1.0,0.0,-0.4285714285714286,0.9999999999999998,0.0,0.9999999999999998,0.0747017880833996,-0.9449111825230682,0.0,-1.0,-0.8164965809277261,0.0,0.0,0.0,0.9933992677987827,0.0,0.0,0.0,0.0,0.34299717028501775,0.0,0.0,0.0,0.0,-0.9999999999999998,0.0,0.0,0.0,0.0,1.0,0.0,0.0,-0.9999999999999998,0.0,0.0
274004,0.0,0.0,0.0,-0.0160623141550809,0.0,-1.0,0.0,0.0,0.0,0.0,0.9999999999999998,0.0,0.0,0.0,0.0,0.0,0.0,0.0,0.0,0.0,0.0,0.0,-0.9999999999999998,0.0,0.0,0.0,0.0,0.0,0.0,-0.9449111825230683,0.0,0.0,0.5222329678670935,0.0,0.0,0.0,0.0,0.0,0.9999999999999998,0.0,0.0,0.0,0.0,0.0,0.0,0.0,0.0,0.0,0.0,0.0,0.0,0.0,0.0,0.0,0.9819805060619655,0.0,0.0,0.8660254037844385,0.0,0.0,0.0,0.0,0.0,0.0,0.0,0.0,0.0,0.3273268353539885,0.0,0.0,0.0,0.0,0.0,0.0,0.0,0.0,0.0,0.0,0.0,0.0,0.0,0.0,-0.9999999999999998,1.0000000000000002,-0.9999999999999998,0.0,0.0,0.0,0.0,0.0,0.0
