user_id_1,user_id_2,pcc
6251,6575,0.0
6251,7346,0.0
6251,11676,0.0
6251,13552,0.0
6251,16795,0.9999999999999998
6251,17950,0.0
6251,21014,0.0
6251,23872,0.0
6251,23902,0.0
6251,28634,0.0
6251,30735,0.0
6251,35857,0.0
6251,35859,0.0
6251,37712,0.0
6251,37950,0.0
6251,43246,0.0
6251,46398,0.0
6251,52584,0.0
6251,53174,0.0
6251,56447,1.0
6251,66942,0.0
6251,68555,0.0
6251,69389,0.0
6251,70666,0.0
6251,73681,0.0
6251,75819,0.0
6251,88693,0.0
6251,88733,0.0
6251,89602,0.0
6251,91113,0.0
6251,93047,0.0
6251,95359,1.0
6251,95932,0.0
6251,101851,0.0
6251,102647,0.0
6251,104636,0.0
6251,105028,0.0
6251,105517,0.0
6251,105979,0.0
6251,107784,0.0
6251,110912,0.0
6251,110934,0.0
6251,113270,0.0
6251,126492,0.0
6251,135149,1.0
6251,136382,0.0
6251,140000,0.0
6251,140358,0.0
6251,147847,0.0
6251,148744,0.0
6251,150979,0.0
6251,153662,0.8660254037844387
6251,158295,0.0
6251,158433,0.0
6251,159506,0.0
6251,162639,0.5
6251,164323,0.0
6251,165308,0.9999999999999998
6251,170513,0.0
6251,177432,0.0
6251,187145,0.0
6251,187256,0.0
6251,196077,0.0
6251,200226,0.0
6251,203240,0.0
6251,204864,0.6831300510639732
6251,210485,0.0
6251,211426,0.0
6251,214786,0.0
6251,220688,0.0
6251,224349,0.0
6251,225763,0.0
6251,226965,0.0
6251,227705,-0.9999999999999998
6251,229741,0.0
6251,231210,0.0
6251,232945,0.0
6251,235282,0.0
6251,236340,0.0
6251,236757,0.9999999999999998
6251,241980,0.0
6251,242083,1.0
6251,245410,1.0
6251,255489,0.0
6251,258534,0.0
6251,261829,0.0
6251,265115,0.0
6251,270713,0.0
6251,271448,0.0
6251,274004,0.0
6575,7346,0.0
6575,11676,0.22869246190189702
6575,13552,0.0
6575,16795,0.0
6575,17950,0.0
6575,21014,0.0
6575,23872,0.0
6575,23902,-1.0
6575,28634,0.0
6575,30735,0.917662935482247
6575,35857,0.0
6575,35859,0.0
6575,37712,0.0
6575,37950,0.0
6575,43246,-0.5
6575,46398,0.0
6575,52584,0.0
6575,53174,0.0
6575,56447,0.0
6575,66942,0.0
6575,68555,0.0
6575,69389,0.0
6575,70666,0.0
6575,73681,0.0
6575,75819,0.0
6575,88693,0.0
6575,88733,0.0
6575,89602,1.0
6575,91113,0.0
6575,93047,0.0
6575,95359,0.9999999999999998
6575,95932,0.0
6575,101851,0.0
6575,102647,0.0
6575,104636,0.0
6575,105028,0.0
6575,105517,0.0
6575,105979,0.0
6575,107784,0.0
6575,110912,0.0
6575,110934,0.0
6575,113270,0.0
6575,126492,0.0
6575,135149,0.0
6575,136382,1.0000000000000002
6575,140000,0.0
6575,140358,0.0
6575,147847,0.0
6575,148744,0.0
6575,150979,0.0
6575,153662,0.0
6575,158295,0.9999999999999998
6575,158433,0.0
6575,159506,0.0
6575,162639,0.9999999999999998
6575,164323,0.9999999999999998
6575,165308,0.0
6575,170513,0.0
6575,177432,0.0
6575,187145,0.0
6575,187256,0.0
6575,196077,0.0
6575,200226,0.0
6575,203240,0.0
6575,204864,0.0
6575,210485,0.0
6575,211426,0.0
6575,214786,0.0
6575,220688,0.0
6575,224349,0.0
6575,225763,1.0
6575,226965,0.0
6575,227705,0.0
6575,229741,0.0
6575,231210,0.0
6575,232945,0.0
6575,235282,0.0
6575,236340,0.0
6575,236757,0.0
6575,241980,0.0
6575,242083,0.0
6575,245410,0.0
6575,255489,0.0
6575,258534,0.5
6575,261829,0.0
6575,265115,0.0
6575,270713,0.0
6575,271448,0.0
6575,274004,0.0
7346,11676,-0.18541926977182405
7346,13552,0.0
7346,16795,-0.9999999999999998
7346,17950,0.0
7346,21014,0.0
7346,23872,0.0
7346,23902,0.0
7346,28634,1.0
7346,30735,0.0
7346,35857,0.0
7346,35859,0.0
7346,37712,0.0
7346,37950,0.0
7346,43246,0.9999999999999998
7346,46398,0.0
7346,52584,0.0
7346,53174,0.0
7346,56447,0.0
7346,66942,-0.9999999999999998
7346,68555,0.0
7346,69389,0.0
7346,70666,1.0
7346,73681,1.0
7346,75819,0.0
7346,88693,0.0
7346,88733,0.0
7346,89602,0.0
7346,91113,-0.8660254037844385
7346,93047,0.0
7346,95359,-1.0000000000000002
7346,95932,0.0
7346,101851,1.0
7346,102647,0.0
7346,104636,0.0
7346,105028,0.0
7346,105517,0.0
7346,105979,-1.0
7346,107784,0.9999999999999998
7346,110912,-0.9999999999999998
7346,110934,0.0
7346,113270,0.0
7346,126492,0.0
7346,135149,0.0
7346,136382,0.0
7346,140000,0.9999999999999998
7346,140358,0.0
7346,147847,0.0
7346,148744,0.0
7346,150979,0.8703882797784892
7346,153662,0.0
7346,158295,0.9999999999999998
7346,158433,0.0
7346,159506,0.0
7346,162639,0.8660254037844385
7346,164323,0.0
7346,165308,-0.9999999999999998
7346,170513,0.0
7346,177432,0.0
7346,187145,0.0
7346,187256,0.0
7346,196077,0.0
7346,200226,-1.0
7346,203240,0.0
7346,204864,0.0
7346,210485,-0.5
7346,211426,1.0
7346,214786,-0.33333333333333337
7346,220688,0.0
7346,224349,0.0
7346,225763,0.7745966692414834
7346,226965,0.0
7346,227705,0.0
7346,229741,-0.7559289460184544
7346,231210,0.0
7346,232945,0.5000000000000001
7346,235282,0.0
7346,236340,0.0
7346,236757,0.0
7346,241980,-0.9999999999999998
7346,242083,-0.9999999999999998
7346,245410,0.0
7346,255489,0.0
7346,258534,0.0
7346,261829,0.0
7346,265115,-0.9999999999999998
7346,270713,-0.654653670707977
7346,271448,0.0
7346,274004,0.0
11676,13552,-0.6030226891555271
11676,16795,0.09556960619698603
11676,17950,-0.9912407071619305
11676,21014,-0.4136643973298085
11676,23872,0.9045340337332909
11676,23902,0.20903243207701905
11676,28634,-0.3224129401095805
11676,30735,0.6330541649476573
11676,35857,0.6153846153846155
11676,35859,-0.4696066463961271
11676,37712,0.0316069770620507
11676,37950,0.08172753093650327
11676,43246,-0.10050378152592121
11676,46398,0.11009637651263607
11676,52584,-0.8703882797784892
11676,53174,-0.8660254037844385
11676,56447,-0.0776150525706333
11676,66942,0.8892972917998876
11676,68555,-0.17182784357226458
11676,69389,0.0
11676,70666,0.2010075630518424
11676,73681,0.0
11676,75819,-0.36788360369097944
11676,88693,0.764866160131941
11676,88733,0.9154172965460302
11676,89602,0.7395099728874519
11676,91113,0.6286185570937123
11676,93047,0.5679618342470648
11676,95359,0.3438896488392876
11676,95932,0.4999999999999999
11676,101851,0.0
11676,102647,-0.19253851155385138
11676,104636,-0.14503317846585823
11676,105028,-0.47245559126153397
11676,105517,0.2011475797968224
11676,105979,-0.214466781455301
11676,107784,-0.21779102088182756
11676,110912,-0.2676296632892662
11676,110934,0.6875
11676,113270,0.05455447255899812
11676,126492,-0.1412638356497238
11676,135149,-0.3146138910672711
11676,136382,-0.14614795004026182
11676,140000,-0.47451498783938373
11676,140358,0.0
11676,147847,0.260132990857236
11676,148744,-0.5700549611226295
11676,150979,0.27914526311954124
11676,153662,0.08056472056247961
11676,158295,-0.1389782812447285
11676,158433,-0.06903675353874443
11676,159506,-0.3750457847507963
11676,162639,-0.45633732498017776
11676,164323,-0.6339205688172401
11676,165308,0.266290837166864
11676,170513,-0.3929526239966879
11676,177432,0.5604485383178051
11676,187145,-0.49374193110101877
11676,187256,0.22116293423234573
11676,196077,-0.42464064845429056
11676,200226,-0.38113961008652725
11676,203240,0.23516004145696012
11676,204864,0.0
11676,210485,0.09332952260264679
11676,211426,0.4225771273642583
11676,214786,0.3830229586152079
11676,220688,0.36643160422306703
11676,224349,-0.5809475019311124
11676,225763,-0.23145502494313788
11676,226965,0.11812488464372368
11676,227705,-0.43887362975357924
11676,229741,-0.17643446767894816
11676,231210,-0.40528678056908524
11676,232945,-0.15811388300841892
11676,235282,-0.14686837386151178
11676,236340,-0.19245008972987526
11676,236757,-0.10976425998969035
11676,241980,-0.06547793527289071
11676,242083,-0.14173141021714442
11676,245410,-0.3841106397986879
11676,255489,0.09428349084638764
11676,258534,-0.3783262759018302
11676,261829,0.1574832682915688
11676,265115,0.6180254726923975
11676,270713,-0.3398553291282073
11676,271448,0.24072265278682045
11676,274004,-0.0160623141550809
13552,16795,0.3947710169758614
13552,17950,1.0
13552,21014,0.0
13552,23872,0.0
13552,23902,0.0
13552,28634,0.0
13552,30735,0.0
13552,35857,0.0
13552,35859,-1.0
13552,37712,0.0
13552,37950,0.8660254037844387
13552,43246,0.0
13552,46398,0.0
13552,52584,0.0
13552,53174,0.0
13552,56447,0.0
13552,66942,0.0
13552,68555,0.0
13552,69389,0.0
13552,70666,0.9999999999999998
13552,73681,0.0
13552,75819,0.0
13552,88693,0.0
13552,88733,0.0
13552,89602,0.9999999999999998
13552,91113,0.0
13552,93047,0.0
13552,95359,0.0
13552,95932,0.0
13552,101851,0.0
13552,102647,0.0
13552,104636,0.5976143046671968
13552,105028,0.0
13552,105517,0.0
13552,105979,0.9999999999999998
13552,107784,0.0
13552,110912,0.0
13552,110934,0.0
13552,113270,0.0
13552,126492,-0.5
13552,135149,1.0000000000000002
13552,136382,0.0
13552,140000,-1.0
13552,140358,0.0
13552,147847,0.0
13552,148744,0.0
13552,150979,0.9999999999999998
13552,153662,0.0
13552,158295,0.0
13552,158433,0.0
13552,159506,0.0
13552,162639,0.0
13552,164323,0.0
13552,165308,0.0
13552,170513,0.0
13552,177432,0.0
13552,187145,0.0
13552,187256,0.0
13552,196077,0.0
13552,200226,0.0
13552,203240,0.0
13552,204864,0.0
13552,210485,0.0
13552,211426,0.0
13552,214786,0.0
13552,220688,0.0
13552,224349,0.0
13552,225763,0.0
13552,226965,0.0
13552,227705,-1.0
13552,229741,0.0
13552,231210,0.0
13552,232945,0.0
13552,235282,0.0
13552,236340,0.8528028654224417
13552,236757,0.0
13552,241980,0.0
13552,242083,0.8703882797784892
13552,245410,0.0
13552,255489,0.0
13552,258534,0.0
13552,261829,0.0
13552,265115,0.0
13552,270713,1.0
13552,271448,0.0
13552,274004,0.0
16795,17950,0.0
16795,21014,0.5659164584181103
16795,23872,0.0
16795,23902,0.0
16795,28634,0.0
16795,30735,0.0
16795,35857,-0.4999999999999999
16795,35859,-0.30832740629675504
16795,37712,0.0
16795,37950,0.0
16795,43246,0.0
16795,46398,0.0
16795,52584,-0.30151134457776363
16795,53174,0.9819805060619656
16795,56447,0.0
16795,66942,0.0
16795,68555,0.0
16795,69389,0.0
16795,70666,0.7559289460184545
16795,73681,0.0
16795,75819,0.0
16795,88693,-0.3592106040535498
16795,88733,0.0
16795,89602,0.9827076298239906
16795,91113,0.0
16795,93047,0.0
16795,95359,-0.45517284677580333
16795,95932,0.0
16795,101851,0.0
16795,102647,0.0
16795,104636,0.24155429135353876
16795,105028,-1.0
16795,105517,0.6933752452815364
16795,105979,-0.07894736842105263
16795,107784,0.727606875108999
16795,110912,0.0
16795,110934,-0.5
16795,113270,-0.34175337130066
16795,126492,0.8708635721768007
16795,135149,0.0
16795,136382,1.0
16795,140000,0.0
16795,140358,0.0
16795,147847,0.9999999999999998
16795,148744,0.0
16795,150979,0.5000000000000001
16795,153662,-0.47140452079103173
16795,158295,0.9819805060619656
16795,158433,-0.2335496832484569
16795,159506,-1.0000000000000002
16795,162639,-0.9999999999999998
16795,164323,0.8660254037844385
16795,165308,-0.1889822365046136
16795,170513,-0.3273268353539886
16795,177432,0.0
16795,187145,1.0000000000000002
16795,187256,1.0000000000000002
16795,196077,-0.9999999999999998
16795,200226,0.0
16795,203240,-0.1889822365046136
16795,204864,0.01675533218571225
16795,210485,0.492365963917331
16795,211426,0.0
16795,214786,0.0
16795,220688,0.0
16795,224349,0.9999999999999998
16795,225763,0.7169771439171534
16795,226965,-0.9999999999999998
16795,227705,0.41079191812887456
16795,229741,-0.4999999999999999
16795,231210,-0.9684959969581862
16795,232945,-0.8783100656536799
16795,235282,-0.8660254037844385
16795,236340,-0.5000000000000001
16795,236757,0.8660254037844385
16795,241980,-0.17407765595569785
16795,242083,0.16116459280507606
16795,245410,0.0
16795,255489,-1.0
16795,258534,-0.6571428571428571
16795,261829,-0.31980107453341566
16795,265115,0.0
16795,270713,-0.08006407690254358
16795,271448,0.054865606697768944
16795,274004,-1.0
17950,21014,0.0
17950,23872,0.0
17950,23902,0.0
17950,28634,0.0
17950,30735,0.0
17950,35857,0.0
17950,35859,0.0
17950,37712,0.0
17950,37950,0.0
17950,43246,0.0
17950,46398,0.0
17950,52584,0.0
17950,53174,0.0
17950,56447,0.0
17950,66942,0.0
17950,68555,0.0
17950,69389,0.0
17950,70666,-0.9999999999999998
17950,73681,0.0
17950,75819,0.0
17950,88693,0.0
17950,88733,0.0
17950,89602,0.0
17950,91113,0.0
17950,93047,0.0
17950,95359,0.0
17950,95932,0.0
17950,101851,0.0
17950,102647,0.0
17950,104636,-1.0
17950,105028,0.0
17950,105517,0.0
17950,105979,0.0
17950,107784,0.0
17950,110912,0.0
17950,110934,0.0
17950,113270,0.0
17950,126492,1.0
17950,135149,0.0
17950,136382,0.0
17950,140000,0.0
17950,140358,0.0
17950,147847,0.0
17950,148744,0.0
17950,150979,-0.32732683535398854
17950,153662,-1.0
17950,158295,0.0
17950,158433,0.0
17950,159506,0.0
17950,162639,0.0
17950,164323,0.0
17950,165308,0.0
17950,170513,0.0
17950,177432,0.0
17950,187145,0.0
17950,187256,0.0
17950,196077,0.0
17950,200226,1.0
17950,203240,0.0
17950,204864,0.0
17950,210485,0.0
17950,211426,0.9999999999999998
17950,214786,0.0
17950,220688,0.0
17950,224349,0.0
17950,225763,0.0
17950,226965,0.0
17950,227705,0.0
17950,229741,-0.9999999999999998
17950,231210,0.0
17950,232945,0.0
17950,235282,0.0
17950,236340,0.0
17950,236757,0.0
17950,241980,0.0
17950,242083,0.0
17950,245410,0.0
17950,255489,0.0
17950,258534,0.0
17950,261829,0.0
17950,265115,0.0
17950,270713,0.0
17950,271448,0.9999999999999998
17950,274004,0.0
21014,23872,0.0
21014,23902,0.0
21014,28634,0.0
21014,30735,0.0
21014,35857,0.0
21014,35859,0.0
21014,37712,0.0
21014,37950,0.0
21014,43246,0.0
21014,46398,0.0
21014,52584,0.0
21014,53174,0.9999999999999998
21014,56447,0.0
21014,66942,0.0
21014,68555,0.0
21014,69389,0.0
21014,70666,0.0
21014,73681,0.0
21014,75819,0.0
21014,88693,-0.9999999999999998
21014,88733,0.0
21014,89602,0.0
21014,91113,0.0
21014,93047,0.0
21014,95359,-0.46442036401282394
21014,95932,0.0
21014,101851,0.0
21014,102647,0.0
21014,104636,0.0
21014,105028,0.0
21014,105517,0.0
21014,105979,0.0
21014,107784,0.0
21014,110912,0.0
21014,110934,0.0
21014,113270,0.0
21014,126492,0.0
21014,135149,0.0
21014,136382,0.0
21014,140000,0.0
21014,140358,0.0
21014,147847,0.0
21014,148744,0.0
21014,150979,0.0
21014,153662,0.0
21014,158295,0.0
21014,158433,0.0
21014,159506,0.0
21014,162639,0.0
21014,164323,0.0
21014,165308,0.0800640769025435
21014,170513,0.0
21014,177432,0.0
21014,187145,0.0
21014,187256,-1.0
21014,196077,1.0
21014,200226,0.0
21014,203240,0.0
21014,204864,1.0000000000000002
21014,210485,0.0
21014,211426,0.0
21014,214786,0.0
21014,220688,0.0
21014,224349,0.9999999999999998
21014,225763,0.0
21014,226965,0.0
21014,227705,0.0
21014,229741,0.5000000000000001
21014,231210,0.0
21014,232945,0.0
21014,235282,0.0
21014,236340,0.0
21014,236757,0.9999999999999998
21014,241980,0.0
21014,242083,0.0
21014,245410,0.0
21014,255489,0.0
21014,258534,0.0
21014,261829,0.0
21014,265115,0.0
21014,270713,1.0
21014,271448,0.0
21014,274004,0.0
23872,23902,0.0
23872,28634,0.0
23872,30735,0.0
23872,35857,0.0
23872,35859,0.0
23872,37712,0.0
23872,37950,0.0
23872,43246,0.0
23872,46398,0.0
23872,52584,0.0
23872,53174,0.0
23872,56447,0.0
23872,66942,0.0
23872,68555,0.0
23872,69389,0.0
23872,70666,0.0
23872,73681,0.0
23872,75819,0.0
23872,88693,0.0
23872,88733,0.0
23872,89602,0.0
23872,91113,0.0
23872,93047,0.0
23872,95359,0.0
23872,95932,0.0
23872,101851,-0.9999999999999998
23872,102647,0.0
23872,104636,0.0
23872,105028,0.0
23872,105517,0.0
23872,105979,0.0
23872,107784,0.0
23872,110912,0.0
23872,110934,0.7071067811865475
23872,113270,0.0
23872,126492,0.6698938453032357
23872,135149,0.0
23872,136382,0.0
23872,140000,0.0
23872,140358,0.0
23872,147847,0.0
23872,148744,0.0
23872,150979,0.0
23872,153662,0.0
23872,158295,0.0
23872,158433,0.0
23872,159506,0.0
23872,162639,0.0
23872,164323,0.0
23872,165308,0.0
23872,170513,0.0
23872,177432,0.9999999999999998
23872,187145,0.0
23872,187256,0.0
23872,196077,0.0
23872,200226,0.0
23872,203240,0.0
23872,204864,0.0
23872,210485,0.0
23872,211426,0.17407765595569785
23872,214786,0.9999999999999998
23872,220688,0.0
23872,224349,0.0
23872,225763,0.0
23872,226965,0.0
23872,227705,0.0
23872,229741,0.9999999999999998
23872,231210,0.0
23872,232945,0.0
23872,235282,0.0
23872,236340,-0.9999999999999998
23872,236757,0.0
23872,241980,0.0
23872,242083,-0.8029550685469662
23872,245410,0.8660254037844385
23872,255489,0.4999999999999999
23872,258534,0.0
23872,261829,0.0
23872,265115,0.0
23872,270713,0.0
23872,271448,0.0
23872,274004,0.0
23902,28634,-0.9961164901835046
23902,30735,0.0
23902,35857,0.0
23902,35859,0.0
23902,37712,1.0
23902,37950,0.0
23902,43246,0.0
23902,46398,0.0
23902,52584,0.0
23902,53174,0.0
23902,56447,0.0
23902,66942,0.0
23902,68555,-1.0
23902,69389,0.0
23902,70666,0.0
23902,73681,0.0
23902,75819,0.0
23902,88693,0.0
23902,88733,0.0
23902,89602,0.0
23902,91113,0.0
23902,93047,0.0
23902,95359,0.0
23902,95932,0.0
23902,101851,0.0
23902,102647,0.0
23902,104636,-0.5000000000000001
23902,105028,0.0
23902,105517,0.0
23902,105979,0.0
23902,107784,0.0
23902,110912,0.0
23902,110934,0.0
23902,113270,0.0
23902,126492,0.0
23902,135149,0.9999999999999998
23902,136382,0.9999999999999998
23902,140000,0.0
23902,140358,0.0
23902,147847,0.0
23902,148744,0.0
23902,150979,0.0
23902,153662,0.0
23902,158295,0.0
23902,158433,0.0
23902,159506,0.8660254037844387
23902,162639,0.0
23902,164323,-0.8660254037844385
23902,165308,1.0
23902,170513,0.0
23902,177432,0.0
23902,187145,0.0
23902,187256,0.0
23902,196077,0.0
23902,200226,0.0
23902,203240,0.0
23902,204864,0.0
23902,210485,0.0
23902,211426,0.0
23902,214786,0.0
23902,220688,0.0
23902,224349,0.0
23902,225763,0.0
23902,226965,0.0
23902,227705,0.0
23902,229741,-0.9999999999999998
23902,231210,0.0
23902,232945,0.0
23902,235282,0.0
23902,236340,0.0
23902,236757,0.0
23902,241980,0.0
23902,242083,0.0
23902,245410,0.0
23902,255489,1.0
23902,258534,-0.9999999999999998
23902,261829,0.0
23902,265115,0.0
23902,270713,0.0
23902,271448,0.0
23902,274004,0.0
28634,30735,0.0
28634,35857,0.0
28634,35859,0.0
28634,37712,0.0
28634,37950,0.0
28634,43246,0.0
28634,46398,0.0
28634,52584,0.0
28634,53174,0.0
28634,56447,0.0
28634,66942,-0.8660254037844385
28634,68555,0.917662935482247
28634,69389,0.0
28634,70666,1.0
28634,73681,0.0
28634,75819,0.0
28634,88693,0.0
28634,88733,0.0
28634,89602,0.0
28634,91113,0.0
28634,93047,0.0
28634,95359,0.0
28634,95932,0.0
28634,101851,0.0
28634,102647,0.0
28634,104636,0.0
28634,105028,0.0
28634,105517,0.0
28634,105979,0.0
28634,107784,0.0
28634,110912,0.0
28634,110934,0.0
28634,113270,0.0
28634,126492,0.0
28634,135149,-0.33333333333333337
28634,136382,0.0
28634,140000,0.0
28634,140358,0.0
28634,147847,0.0
28634,148744,0.0
28634,150979,0.0
28634,153662,0.0
28634,158295,0.0
28634,158433,0.0
28634,159506,0.0
28634,162639,0.9428090415820635
28634,164323,0.7905694150420949
28634,165308,-0.9999999999999998
28634,170513,0.0
28634,177432,0.0
28634,187145,0.0
28634,187256,0.0
28634,196077,1.0000000000000002
28634,200226,0.0
28634,203240,0.0
28634,204864,0.0
28634,210485,0.0
28634,211426,0.0
28634,214786,0.0
28634,220688,1.0
28634,224349,0.0
28634,225763,0.0
28634,226965,0.0
28634,227705,0.0
28634,229741,0.0
28634,231210,0.0
28634,232945,0.40824829046386296
28634,235282,0.0
28634,236340,0.0
28634,236757,0.0
28634,241980,0.0
28634,242083,0.0
28634,245410,0.0
28634,255489,0.0
28634,258534,-0.5
28634,261829,0.0
28634,265115,1.0
28634,270713,0.0
28634,271448,0.0
28634,274004,0.9999999999999998
30735,35857,0.0
30735,35859,0.0
30735,37712,0.0
30735,37950,0.0
30735,43246,0.0
30735,46398,0.0
30735,52584,0.0
30735,53174,0.0
30735,56447,0.0
30735,66942,-0.5
30735,68555,0.0
30735,69389,0.0
30735,70666,0.0
30735,73681,0.0
30735,75819,0.0
30735,88693,0.0
30735,88733,0.0
30735,89602,0.0
30735,91113,0.0
30735,93047,0.0
30735,95359,0.0
30735,95932,0.0
30735,101851,0.0
30735,102647,0.0
30735,104636,0.0
30735,105028,0.0
30735,105517,-0.9999999999999998
30735,105979,0.0
30735,107784,0.0
30735,110912,0.0
30735,110934,0.0
30735,113270,0.0
30735,126492,0.0
30735,135149,0.0
30735,136382,0.0
30735,140000,0.0
30735,140358,0.0
30735,147847,0.0
30735,148744,0.0
30735,150979,0.0
30735,153662,0.0
30735,158295,0.0
30735,158433,0.0
30735,159506,-0.5
30735,162639,0.0
30735,164323,0.0
30735,165308,0.0
30735,170513,0.0
30735,177432,0.0
30735,187145,0.0
30735,187256,0.0
30735,196077,0.0
30735,200226,0.0
30735,203240,0.0
30735,204864,0.0
30735,210485,0.0
30735,211426,0.0
30735,214786,0.0
30735,220688,0.0
30735,224349,0.0
30735,225763,0.0
30735,226965,0.0
30735,227705,0.0
30735,229741,-0.5
30735,231210,0.0
30735,232945,0.0
30735,235282,0.0
30735,236340,0.0
30735,236757,0.0
30735,241980,0.0
30735,242083,-0.1889822365046136
30735,245410,0.0
30735,255489,0.0
30735,258534,0.0
30735,261829,0.0
30735,265115,0.0
30735,270713,0.0
30735,271448,0.0
30735,274004,0.0
35857,35859,0.0
35857,37712,0.0
35857,37950,0.0
35857,43246,0.0
35857,46398,0.0
35857,52584,0.0
35857,53174,0.0
35857,56447,0.0
35857,66942,0.0
35857,68555,0.0
35857,69389,0.0
35857,70666,0.8660254037844385
35857,73681,0.0
35857,75819,0.0
35857,88693,0.0
35857,88733,0.0
35857,89602,0.0
35857,91113,0.0
35857,93047,0.0
35857,95359,0.7559289460184545
35857,95932,0.0
35857,101851,0.0
35857,102647,0.0
35857,104636,-0.9999999999999998
35857,105028,0.9999999999999998
35857,105517,0.0
35857,105979,0.0
35857,107784,0.0
35857,110912,0.0
35857,110934,0.0
35857,113270,0.0
35857,126492,0.0
35857,135149,0.0
35857,136382,0.0
35857,140000,0.0
35857,140358,0.0
35857,147847,0.0
35857,148744,0.0
35857,150979,0.0
35857,153662,0.0
35857,158295,0.0
35857,158433,0.0
35857,159506,0.0
35857,162639,1.0
35857,164323,0.0
35857,165308,0.0
35857,170513,0.0
35857,177432,0.0
35857,187145,0.0
35857,187256,0.0
35857,196077,0.0
35857,200226,0.0
35857,203240,0.0
35857,204864,0.0
35857,210485,0.9438798074485389
35857,211426,0.0
35857,214786,0.0
35857,220688,0.0
35857,224349,0.9999999999999998
35857,225763,0.0
35857,226965,0.0
35857,227705,0.0
35857,229741,-0.9999999999999998
35857,231210,0.0
35857,232945,0.0
35857,235282,0.0
35857,236340,0.0
35857,236757,0.0
35857,241980,0.0
35857,242083,0.0
35857,245410,0.0
35857,255489,0.0
35857,258534,0.0
35857,261829,0.0
35857,265115,0.0
35857,270713,0.0
35857,271448,0.0
35857,274004,0.0
35859,37712,0.0
35859,37950,0.0
35859,43246,-0.32732683535398854
35859,46398,0.0
35859,52584,0.0
35859,53174,0.0
35859,56447,0.0
35859,66942,0.9999999999999998
35859,68555,0.0
35859,69389,0.0
35859,70666,0.0
35859,73681,0.0
35859,75819,0.0
35859,88693,0.0
35859,88733,0.0
35859,89602,0.0
35859,91113,0.0
35859,93047,0.0
35859,95359,0.0
35859,95932,0.0
35859,101851,0.0
35859,102647,0.0
35859,104636,0.24571804673358055
35859,105028,0.0
35859,105517,0.0
35859,105979,-1.0
35859,107784,-0.1889822365046136
35859,110912,1.0
35859,110934,-1.0000000000000002
35859,113270,0.9999999999999998
35859,126492,0.9999999999999998
35859,135149,0.5000000000000001
35859,136382,0.0
35859,140000,0.9449111825230683
35859,140358,0.0
35859,147847,0.0
35859,148744,0.5773502691896258
35859,150979,0.0
35859,153662,0.0
35859,158295,-0.9999999999999998
35859,158433,0.0
35859,159506,0.0
35859,162639,-0.9999999999999998
35859,164323,0.0
35859,165308,0.0
35859,170513,1.0
35859,177432,0.9999999999999998
35859,187145,0.0
35859,187256,0.0
35859,196077,0.0
35859,200226,1.0
35859,203240,0.0
35859,204864,0.0
35859,210485,0.0
35859,211426,0.0
35859,214786,0.0
35859,220688,0.0
35859,224349,0.0
35859,225763,0.0
35859,226965,0.0
35859,227705,1.0000000000000002
35859,229741,0.0
35859,231210,0.0
35859,232945,0.0
35859,235282,0.0
35859,236340,1.0000000000000002
35859,236757,-0.9999999999999998
35859,241980,0.33333333333333337
35859,242083,0.0
35859,245410,-0.5000000000000001
35859,255489,0.4999999999999999
35859,258534,1.0
35859,261829,0.0
35859,265115,0.0
35859,270713,0.0
35859,271448,0.0
35859,274004,0.0
37712,37950,0.0
37712,43246,0.0
37712,46398,0.0
37712,52584,0.0
37712,53174,0.0
37712,56447,0.0
37712,66942,0.0
37712,68555,0.0
37712,69389,0.0
37712,70666,0.0
37712,73681,0.0
37712,75819,0.0
37712,88693,0.0
37712,88733,0.0
37712,89602,0.5303300858899106
37712,91113,0.0
37712,93047,0.0
37712,95359,0.987829161147262
37712,95932,0.0
37712,101851,0.0
37712,102647,0.0
37712,104636,0.0
37712,105028,0.0
37712,105517,0.0
37712,105979,0.0
37712,107784,0.0
37712,110912,0.9999999999999998
37712,110934,0.9999999999999998
37712,113270,0.0
37712,126492,0.0
37712,135149,0.0
37712,136382,0.0
37712,140000,0.0
37712,140358,0.0
37712,147847,0.0
37712,148744,0.0
37712,150979,0.0
37712,153662,0.0
37712,158295,0.0
37712,158433,0.0
37712,159506,0.0
37712,162639,1.0
37712,164323,0.0
37712,165308,0.642824346533225
37712,170513,-1.0000000000000002
37712,177432,0.0
37712,187145,0.0
37712,187256,0.0
37712,196077,-1.0
37712,200226,0.0
37712,203240,0.0
37712,204864,0.0
37712,210485,0.9999999999999998
37712,211426,0.0
37712,214786,0.0
37712,220688,-0.6831300510639733
37712,224349,0.0
37712,225763,0.0
37712,226965,0.0
37712,227705,0.0
37712,229741,0.7501937734175209
37712,231210,0.0
37712,232945,0.0
37712,235282,0.0
37712,236340,1.0
37712,236757,0.0
37712,241980,0.0
37712,242083,0.0
37712,245410,0.0
37712,255489,0.9999999999999998
37712,258534,0.0
37712,261829,0.0
37712,265115,-0.9999999999999998
37712,270713,-0.9999999999999998
37712,271448,0.0
37712,274004,0.0
37950,43246,0.0
37950,46398,0.0
37950,52584,0.0
37950,53174,0.0
37950,56447,0.0
37950,66942,0.0
37950,68555,0.0
37950,69389,0.0
37950,70666,0.0
37950,73681,-0.9999999999999998
37950,75819,0.0
37950,88693,1.0
37950,88733,1.0000000000000002
37950,89602,0.0
37950,91113,0.0
37950,93047,0.9999999999999998
37950,95359,0.0
37950,95932,0.0
37950,101851,0.0
37950,102647,-0.8660254037844387
37950,104636,-0.23312620206007845
37950,105028,0.0
37950,105517,0.0
37950,105979,-1.0
37950,107784,0.0
37950,110912,0.0
37950,110934,0.0
37950,113270,0.0
37950,126492,-0.8528028654224417
37950,135149,1.0
37950,136382,0.9999999999999998
37950,140000,0.9999999999999998
37950,140358,0.0
37950,147847,0.0
37950,148744,0.0
37950,150979,-0.9999999999999998
37950,153662,0.0
37950,158295,0.8164965809277259
37950,158433,0.0
37950,159506,0.9449111825230683
37950,162639,-0.9999999999999998
37950,164323,-0.9999999999999998
37950,165308,0.0
37950,170513,0.0
37950,177432,0.0
37950,187145,1.0
37950,187256,0.0
37950,196077,-1.0
37950,200226,0.9999999999999998
37950,203240,0.0
37950,204864,0.9999999999999998
37950,210485,0.0
37950,211426,0.9999999999999998
37950,214786,0.0
37950,220688,1.0000000000000002
37950,224349,0.0
37950,225763,0.0
37950,226965,0.0
37950,227705,0.12262786789699315
37950,229741,0.0
37950,231210,0.0
37950,232945,0.0
37950,235282,-0.9999999999999998
37950,236340,1.0
37950,236757,0.0
37950,241980,0.0
37950,242083,0.5573704017131537
37950,245410,0.1889822365046136
37950,255489,-0.9819805060619655
37950,258534,0.0
37950,261829,0.0
37950,265115,0.0
37950,270713,0.9999999999999998
37950,271448,0.0
37950,274004,0.0
43246,46398,0.0
43246,52584,0.0
43246,53174,0.0
43246,56447,0.0
43246,66942,0.0
43246,68555,0.0
43246,69389,0.0
43246,70666,0.0
43246,73681,0.0
43246,75819,0.0
43246,88693,0.0
43246,88733,0.0
43246,89602,1.0
43246,91113,0.0
43246,93047,0.0
43246,95359,-0.8660254037844385
43246,95932,0.0
43246,101851,0.0
43246,102647,0.0
43246,104636,-0.9999999999999998
43246,105028,0.0
43246,105517,0.0
43246,105979,-0.9999999999999999
43246,107784,0.0
43246,110912,-0.13363062095621225
43246,110934,0.0
43246,113270,0.0
43246,126492,0.0
43246,135149,0.0
43246,136382,0.2773500981126146
43246,140000,0.0
43246,140358,0.0
43246,147847,0.9999999999999998
43246,148744,0.0
43246,150979,0.9999999999999998
43246,153662,0.0
43246,158295,0.0
43246,158433,0.0
43246,159506,0.0
43246,162639,-1.0000000000000002
43246,164323,0.0
43246,165308,0.0
43246,170513,1.0000000000000002
43246,177432,0.0
43246,187145,0.0
43246,187256,0.0
43246,196077,-0.8029550685469663
43246,200226,0.0
43246,203240,0.0
43246,204864,0.0
43246,210485,0.0
43246,211426,0.0
43246,214786,0.0
43246,220688,0.0
43246,224349,0.0
43246,225763,0.7559289460184546
43246,226965,0.0
43246,227705,0.0
43246,229741,0.0
43246,231210,0.0
43246,232945,0.0
43246,235282,-0.9999999999999998
43246,236340,0.9999999999999998
43246,236757,1.0
43246,241980,0.0
43246,242083,0.0
43246,245410,0.0
43246,255489,0.0
43246,258534,-0.9999999999999998
43246,261829,0.0
43246,265115,-1.0000000000000002
43246,270713,-1.0
43246,271448,0.0
43246,274004,0.0
46398,52584,0.0
46398,53174,0.0
46398,56447,0.0
46398,66942,0.0
46398,68555,0.0
46398,69389,0.0
46398,70666,0.0
46398,73681,0.0
46398,75819,0.0
46398,88693,0.0
46398,88733,0.0
46398,89602,0.0
46398,91113,0.0
46398,93047,0.0
46398,95359,0.9999999999999998
46398,95932,0.0
46398,101851,0.0
46398,102647,0.0
46398,104636,0.0
46398,105028,0.0
46398,105517,0.9999999999999998
46398,105979,0.0
46398,107784,0.0
46398,110912,0.0
46398,110934,0.0
46398,113270,0.0
46398,126492,0.0
46398,135149,0.0
46398,136382,0.0
46398,140000,0.0
46398,140358,0.0
46398,147847,0.0
46398,148744,0.0
46398,150979,0.0
46398,153662,0.0
46398,158295,0.0
46398,158433,0.0
46398,159506,0.0
46398,162639,0.0
46398,164323,0.0
46398,165308,0.0
46398,170513,0.0
46398,177432,0.0
46398,187145,0.0
46398,187256,0.5000000000000001
46398,196077,0.0
46398,200226,0.0
46398,203240,0.0
46398,204864,0.3333333333333333
46398,210485,0.0
46398,211426,0.0
46398,214786,0.0
46398,220688,0.0
46398,224349,0.0
46398,225763,0.0
46398,226965,0.0
46398,227705,0.0
46398,229741,0.0
46398,231210,0.0
46398,232945,0.0
46398,235282,-1.0
46398,236340,0.0
46398,236757,0.0
46398,241980,0.0
46398,242083,0.0
46398,245410,0.0
46398,255489,0.0
46398,258534,0.0
46398,261829,-1.0
46398,265115,0.0
46398,270713,0.0
46398,271448,0.9707253433941511
46398,274004,0.0
52584,53174,0.0
52584,56447,0.0
52584,66942,0.0
52584,68555,0.0
52584,69389,0.0
52584,70666,0.0
52584,73681,0.0
52584,75819,0.0
52584,88693,0.0
52584,88733,0.0
52584,89602,0.0
52584,91113,0.0
52584,93047,0.0
52584,95359,0.0
52584,95932,0.0
52584,101851,0.0
52584,102647,0.0
52584,104636,-0.9999999999999998
52584,105028,0.0
52584,105517,0.0
52584,105979,0.9999999999999998
52584,107784,0.0
52584,110912,0.0
52584,110934,0.0
52584,113270,0.9999999999999998
52584,126492,0.0
52584,135149,0.0
52584,136382,0.0
52584,140000,0.5960395606792697
52584,140358,0.0
52584,147847,0.0
52584,148744,0.0
52584,150979,0.0
52584,153662,0.0
52584,158295,0.0
52584,158433,-0.9999999999999998
52584,159506,0.0
52584,162639,0.0
52584,164323,0.0
52584,165308,0.0
52584,170513,1.0
52584,177432,0.0
52584,187145,0.0
52584,187256,0.0
52584,196077,0.0
52584,200226,0.0
52584,203240,0.0
52584,204864,0.0
52584,210485,0.0
52584,211426,0.0
52584,214786,0.0
52584,220688,0.0
52584,224349,0.0
52584,225763,0.0
52584,226965,0.0
52584,227705,0.0
52584,229741,0.0
52584,231210,1.0
52584,232945,0.0
52584,235282,0.0
52584,236340,0.0
52584,236757,0.0
52584,241980,0.0
52584,242083,0.0
52584,245410,0.0
52584,255489,-0.9999999999999998
52584,258534,0.0
52584,261829,0.0
52584,265115,0.0
52584,270713,0.0
52584,271448,0.0
52584,274004,0.0
53174,56447,0.0
53174,66942,0.0
53174,68555,0.0
53174,69389,0.0
53174,70666,0.0
53174,73681,0.0
53174,75819,0.0
53174,88693,0.0
53174,88733,0.0
53174,89602,0.0
53174,91113,0.0
53174,93047,0.0
53174,95359,-0.9999999999999998
53174,95932,0.0
53174,101851,0.0
53174,102647,0.0
53174,104636,0.0
53174,105028,0.0
53174,105517,0.0
53174,105979,0.0
53174,107784,0.0
53174,110912,0.0
53174,110934,0.0
53174,113270,0.0
53174,126492,0.0
53174,135149,0.0
53174,136382,0.0
53174,140000,0.0
53174,140358,0.0
53174,147847,0.0
53174,148744,0.0
53174,150979,0.0
53174,153662,0.0
53174,158295,0.0
53174,158433,0.0
53174,159506,0.0
53174,162639,0.0
53174,164323,0.0
53174,165308,0.0
53174,170513,0.0
53174,177432,0.0
53174,187145,0.0
53174,187256,0.0
53174,196077,0.0
53174,200226,0.0
53174,203240,0.0
53174,204864,0.0
53174,210485,0.0
53174,211426,0.0
53174,214786,0.0
53174,220688,0.0
53174,224349,0.0
53174,225763,0.0
53174,226965,0.0
53174,227705,0.0
53174,229741,0.0
53174,231210,0.0
53174,232945,0.0
53174,235282,0.0
53174,236340,0.0
53174,236757,0.0
53174,241980,0.0
53174,242083,0.0
53174,245410,0.0
53174,255489,0.0
53174,258534,0.0
53174,261829,0.0
53174,265115,0.0
53174,270713,0.0
53174,271448,0.0
53174,274004,0.0
56447,66942,0.0
56447,68555,0.0
56447,69389,0.0
56447,70666,0.0
56447,73681,0.0
56447,75819,0.0
56447,88693,0.0
56447,88733,0.0
56447,89602,0.0
56447,91113,0.0
56447,93047,0.0
56447,95359,-0.5
56447,95932,0.0
56447,101851,0.0
56447,102647,0.0
56447,104636,0.0
56447,105028,0.0
56447,105517,0.0
56447,105979,0.0
56447,107784,0.0
56447,110912,0.0
56447,110934,0.0
56447,113270,0.0
56447,126492,0.0
56447,135149,0.0
56447,136382,0.0
56447,140000,0.0
56447,140358,0.0
56447,147847,0.0
56447,148744,0.0
56447,150979,0.0
56447,153662,0.0
56447,158295,0.0
56447,158433,0.0
56447,159506,0.0
56447,162639,0.0
56447,164323,0.0
56447,165308,0.0
56447,170513,0.0
56447,177432,0.0
56447,187145,0.0
56447,187256,0.0
56447,196077,0.0
56447,200226,0.0
56447,203240,0.0
56447,204864,-0.9999999999999998
56447,210485,0.0
56447,211426,0.0
56447,214786,0.0
56447,220688,0.0
56447,224349,0.0
56447,225763,0.0
56447,226965,0.0
56447,227705,0.0
56447,229741,0.0
56447,231210,0.0
56447,232945,0.0
56447,235282,0.0
56447,236340,0.0
56447,236757,0.0
56447,241980,0.0
56447,242083,0.0
56447,245410,0.0
56447,255489,0.0
56447,258534,0.0
56447,261829,0.0
56447,265115,0.0
56447,270713,0.0
56447,271448,0.0
56447,274004,0.0
66942,68555,0.0
66942,69389,0.0
66942,70666,0.0
66942,73681,0.0
66942,75819,-0.9999999999999998
66942,88693,0.0
66942,88733,0.0
66942,89602,0.0
66942,91113,0.0
66942,93047,0.0
66942,95359,0.0
66942,95932,0.0
66942,101851,0.0
66942,102647,0.0
66942,104636,0.0
66942,105028,0.0
66942,105517,0.6546536707079771
66942,105979,0.0
66942,107784,-0.9999999999999998
66942,110912,0.0
66942,110934,0.0
66942,113270,0.0
66942,126492,-1.0
66942,135149,0.0
66942,136382,0.0
66942,140000,0.0
66942,140358,0.0
66942,147847,0.0
66942,148744,0.0
66942,150979,0.0
66942,153662,0.0
66942,158295,-1.0
66942,158433,0.0
66942,159506,-0.5000000000000001
66942,162639,0.0
66942,164323,-0.9999999999999998
66942,165308,0.0
66942,170513,0.0
66942,177432,0.9999999999999998
66942,187145,1.0
66942,187256,-0.9999999999999998
66942,196077,0.0
66942,200226,0.0
66942,203240,0.0
66942,204864,0.0
66942,210485,-0.8660254037844385
66942,211426,0.0
66942,214786,0.0
66942,220688,0.0
66942,224349,0.0
66942,225763,0.0
66942,226965,0.0
66942,227705,0.0
66942,229741,0.3273268353539885
66942,231210,0.0
66942,232945,0.0
66942,235282,0.0
66942,236340,0.7559289460184543
66942,236757,0.0
66942,241980,0.0
66942,242083,0.9449111825230678
66942,245410,0.0
66942,255489,0.0
66942,258534,0.0
66942,261829,0.0
66942,265115,0.0
66942,270713,0.0
66942,271448,0.0
66942,274004,0.0
68555,69389,0.0
68555,70666,0.0
68555,73681,0.0
68555,75819,0.0
68555,88693,0.0
68555,88733,0.0
68555,89602,0.0
68555,91113,0.0
68555,93047,0.0
68555,95359,0.0
68555,95932,0.0
68555,101851,0.0
68555,102647,0.0
68555,104636,0.0
68555,105028,0.0
68555,105517,0.0
68555,105979,0.0
68555,107784,0.9449111825230678
68555,110912,0.0
68555,110934,0.0
68555,113270,0.0
68555,126492,-0.9999999999999998
68555,135149,-1.0
68555,136382,0.0
68555,140000,0.0
68555,140358,0.0
68555,147847,0.0
68555,148744,0.0
68555,150979,0.0
68555,153662,0.0
68555,158295,0.0
68555,158433,0.0
68555,159506,0.0
68555,162639,0.0
68555,164323,0.0
68555,165308,0.0
68555,170513,1.0
68555,177432,0.0
68555,187145,0.0
68555,187256,0.0
68555,196077,0.0
68555,200226,0.0
68555,203240,0.0
68555,204864,0.0
68555,210485,0.0
68555,211426,0.0
68555,214786,0.0
68555,220688,0.0
68555,224349,0.0
68555,225763,0.0
68555,226965,0.0
68555,227705,0.944911182523068
68555,229741,0.0
68555,231210,0.0
68555,232945,0.0
68555,235282,0.0
68555,236340,0.0
68555,236757,0.0
68555,241980,0.0
68555,242083,0.654653670707977
68555,245410,0.0
68555,255489,0.0
68555,258534,0.0
68555,261829,0.0
68555,265115,0.0
68555,270713,0.0
68555,271448,-0.18898223650461363
68555,274004,-0.9999999999999998
69389,70666,0.0
69389,73681,0.0
69389,75819,0.0
69389,88693,0.0
69389,88733,0.0
69389,89602,0.0
69389,91113,0.0
69389,93047,0.0
69389,95359,0.0
69389,95932,0.0
69389,101851,0.0
69389,102647,0.0
69389,104636,0.5000000000000001
69389,105028,0.0
69389,105517,0.0
69389,105979,0.0
69389,107784,0.0
69389,110912,0.0
69389,110934,-0.33333333333333337
69389,113270,0.0
69389,126492,0.0
69389,135149,0.0
69389,136382,0.9999999999999998
69389,140000,0.0
69389,140358,0.0
69389,147847,0.0
69389,148744,0.0
69389,150979,0.0
69389,153662,0.0
69389,158295,0.0
69389,158433,0.0
69389,159506,-0.9999999999999998
69389,162639,0.0
69389,164323,0.0
69389,165308,0.0
69389,170513,0.0
69389,177432,0.0
69389,187145,0.0
69389,187256,0.0
69389,196077,0.0
69389,200226,0.0
69389,203240,0.0
69389,204864,0.0
69389,210485,0.0
69389,211426,-1.0000000000000002
69389,214786,0.0
69389,220688,0.0
69389,224349,0.0
69389,225763,0.0
69389,226965,0.0
69389,227705,0.0
69389,229741,0.0
69389,231210,0.0
69389,232945,0.0
69389,235282,0.0
69389,236340,0.6933752452815364
69389,236757,0.0
69389,241980,0.0
69389,242083,0.0
69389,245410,0.0
69389,255489,0.0
69389,258534,1.0
69389,261829,0.0
69389,265115,0.0
69389,270713,0.0
69389,271448,0.0
69389,274004,0.0
70666,73681,0.0
70666,75819,0.0
70666,88693,0.0
70666,88733,0.0
70666,89602,0.0
70666,91113,0.0
70666,93047,0.0
70666,95359,0.0
70666,95932,0.0
70666,101851,0.0
70666,102647,0.9999999999999998
70666,104636,-1.0
70666,105028,0.9999999999999998
70666,105517,0.0
70666,105979,0.0
70666,107784,0.0
70666,110912,0.0
70666,110934,0.0
70666,113270,0.0
70666,126492,0.0
70666,135149,0.0
70666,136382,0.0
70666,140000,0.0
70666,140358,0.0
70666,147847,0.0
70666,148744,0.0
70666,150979,0.6933752452815364
70666,153662,0.0
70666,158295,0.0
70666,158433,0.9999999999999998
70666,159506,0.0
70666,162639,0.0
70666,164323,0.0
70666,165308,0.0
70666,170513,0.0
70666,177432,0.0
70666,187145,0.0
70666,187256,0.0
70666,196077,0.0
70666,200226,0.0
70666,203240,0.0
70666,204864,0.0
70666,210485,0.9999999999999998
70666,211426,0.0
70666,214786,0.0
70666,220688,0.0
70666,224349,0.9999999999999998
70666,225763,0.0
70666,226965,0.0
70666,227705,-1.0
70666,229741,0.9999999999999998
70666,231210,0.0
70666,232945,0.0
70666,235282,0.0
70666,236340,0.0
70666,236757,0.0
70666,241980,0.0
70666,242083,0.9999999999999998
70666,245410,0.0
70666,255489,0.0
70666,258534,0.0
70666,261829,0.0
70666,265115,0.0
70666,270713,0.0
70666,271448,0.0
70666,274004,0.0
73681,75819,-0.7559289460184544
73681,88693,0.0
73681,88733,0.0
73681,89602,0.0
73681,91113,0.0
73681,93047,0.0
73681,95359,0.0
73681,95932,0.0
73681,101851,0.0
73681,102647,0.0
73681,104636,0.0
73681,105028,0.0
73681,105517,0.0
73681,105979,1.0
73681,107784,-1.0
73681,110912,0.0
73681,110934,0.0
73681,113270,0.0
73681,126492,0.0
73681,135149,0.0
73681,136382,0.0
73681,140000,0.0
73681,140358,0.0
73681,147847,0.0
73681,148744,0.0
73681,150979,0.0
73681,153662,0.0
73681,158295,0.0
73681,158433,0.0
73681,159506,0.0
73681,162639,1.0000000000000002
73681,164323,0.0
73681,165308,0.0
73681,170513,0.0
73681,177432,0.0
73681,187145,0.0
73681,187256,0.0
73681,196077,0.0
73681,200226,0.0
73681,203240,0.9999999999999998
73681,204864,-0.420084025208403
73681,210485,0.0
73681,211426,0.0
73681,214786,-0.9999999999999998
73681,220688,0.0
73681,224349,0.0
73681,225763,0.0
73681,226965,0.0
73681,227705,0.0
73681,229741,0.8164965809277259
73681,231210,-0.9999999999999998
73681,232945,0.0
73681,235282,0.9999999999999998
73681,236340,0.0
73681,236757,0.0
73681,241980,0.0
73681,242083,0.0
73681,245410,0.0
73681,255489,0.0
73681,258534,0.0
73681,261829,0.0
73681,265115,0.0
73681,270713,0.0
73681,271448,0.0
73681,274004,0.0
75819,88693,0.0
75819,88733,0.0
75819,89602,0.0
75819,91113,0.0
75819,93047,0.0
75819,95359,0.9999999999999998
75819,95932,0.0
75819,101851,0.0
75819,102647,0.0
75819,104636,0.0
75819,105028,0.0
75819,105517,-0.9999999999999998
75819,105979,0.0
75819,107784,0.0
75819,110912,0.0
75819,110934,0.0
75819,113270,0.0
75819,126492,0.0
75819,135149,0.0
75819,136382,0.0
75819,140000,0.0
75819,140358,0.0
75819,147847,0.0
75819,148744,0.0
75819,150979,0.0
75819,153662,0.0
75819,158295,0.0
75819,158433,0.0
75819,159506,0.0
75819,162639,0.0
75819,164323,0.0
75819,165308,0.0
75819,170513,0.0
75819,177432,0.0
75819,187145,0.0
75819,187256,0.0
75819,196077,0.0
75819,200226,0.0
75819,203240,0.0
75819,204864,0.0
75819,210485,0.0
75819,211426,0.0
75819,214786,0.0
75819,220688,0.0
75819,224349,0.0
75819,225763,0.0
75819,226965,0.0
75819,227705,0.9999999999999998
75819,229741,0.0
75819,231210,0.0
75819,232945,0.0
75819,235282,0.0
75819,236340,0.0
75819,236757,0.0
75819,241980,0.0
75819,242083,0.0
75819,245410,0.0
75819,255489,0.0
75819,258534,0.0
75819,261829,0.0
75819,265115,0.0
75819,270713,0.0
75819,271448,0.0
75819,274004,0.0
88693,88733,0.0
88693,89602,0.0
88693,91113,0.0
88693,93047,0.0
88693,95359,0.8660254037844385
88693,95932,0.0
88693,101851,0.0
88693,102647,0.0
88693,104636,0.0
88693,105028,0.0
88693,105517,0.0
88693,105979,0.0
88693,107784,0.0
88693,110912,0.9999999999999998
88693,110934,0.0
88693,113270,0.0
88693,126492,0.0
88693,135149,0.0
88693,136382,0.0
88693,140000,0.0
88693,140358,0.0
88693,147847,0.0
88693,148744,0.0
88693,150979,0.0
88693,153662,0.0
88693,158295,0.0
88693,158433,0.0
88693,159506,0.0
88693,162639,0.0
88693,164323,0.0
88693,165308,0.0
88693,170513,0.0
88693,177432,0.0
88693,187145,0.0
88693,187256,0.2401922307076307
88693,196077,0.0
88693,200226,0.0
88693,203240,0.0
88693,204864,-0.9999999999999998
88693,210485,0.9999999999999998
88693,211426,0.0
88693,214786,0.0
88693,220688,0.9999999999999998
88693,224349,0.0
88693,225763,0.0
88693,226965,0.0
88693,227705,0.0
88693,229741,0.0
88693,231210,0.0
88693,232945,0.0
88693,235282,0.0
88693,236340,0.0
88693,236757,0.0
88693,241980,0.0
88693,242083,0.0
88693,245410,0.0
88693,255489,0.0
88693,258534,0.0
88693,261829,0.0
88693,265115,0.0
88693,270713,0.0
88693,271448,1.0000000000000002
88693,274004,0.0
88733,89602,0.0
88733,91113,0.0
88733,93047,0.0
88733,95359,0.0
88733,95932,0.9999999999999998
88733,101851,0.0
88733,102647,0.0
88733,104636,-1.0
88733,105028,0.0
88733,105517,0.0
88733,105979,0.0
88733,107784,0.0
88733,110912,0.0
88733,110934,0.0
88733,113270,0.0
88733,126492,-0.9999999999999998
88733,135149,-1.0000000000000002
88733,136382,0.0
88733,140000,0.0
88733,140358,0.0
88733,147847,0.0
88733,148744,-0.5000000000000001
88733,150979,0.0
88733,153662,0.0
88733,158295,0.0
88733,158433,-0.9999999999999998
88733,159506,0.0
88733,162639,0.0
88733,164323,0.0
88733,165308,0.0
88733,170513,0.0
88733,177432,0.0
88733,187145,0.0
88733,187256,0.0
88733,196077,0.9999999999999998
88733,200226,0.0
88733,203240,-0.1889822365046136
88733,204864,0.9999999999999998
88733,210485,-0.9999999999999998
88733,211426,0.0
88733,214786,0.0
88733,220688,0.0
88733,224349,0.0
88733,225763,0.0
88733,226965,0.0
88733,227705,-0.9449111825230678
88733,229741,0.0
88733,231210,0.0
88733,232945,0.0
88733,235282,0.0
88733,236340,0.0
88733,236757,0.9999999999999998
88733,241980,0.0
88733,242083,0.1889822365046136
88733,245410,0.0
88733,255489,0.0
88733,258534,0.0
88733,261829,0.0
88733,265115,0.0
88733,270713,0.0
88733,271448,-1.0000000000000002
88733,274004,0.0
89602,91113,0.0
89602,93047,0.0
89602,95359,0.7637626158259734
89602,95932,0.0
89602,101851,0.0
89602,102647,-1.0
89602,104636,0.0
89602,105028,0.0
89602,105517,1.0
89602,105979,-0.2548235957188128
89602,107784,0.0
89602,110912,0.25
89602,110934,0.5833333333333333
89602,113270,-0.5773502691896258
89602,126492,0.0
89602,135149,0.0
89602,136382,0.0
89602,140000,0.0
89602,140358,0.0
89602,147847,0.0
89602,148744,-0.9999999999999998
89602,150979,1.0
89602,153662,0.0
89602,158295,0.0
89602,158433,0.0
89602,159506,0.0
89602,162639,-1.0
89602,164323,-0.9999999999999998
89602,165308,0.9999999999999998
89602,170513,0.18898223650461363
89602,177432,0.9999999999999998
89602,187145,0.0
89602,187256,0.9999999999999998
89602,196077,0.0
89602,200226,0.0
89602,203240,-0.3273268353539886
89602,204864,0.0
89602,210485,0.8478260869565218
89602,211426,0.0
89602,214786,0.0
89602,220688,0.0
89602,224349,0.0
89602,225763,0.5000000000000001
89602,226965,0.0
89602,227705,0.5
89602,229741,0.1428571428571429
89602,231210,0.0
89602,232945,0.0
89602,235282,-1.0
89602,236340,0.0
89602,236757,0.0
89602,241980,0.0
89602,242083,0.0
89602,245410,0.0
89602,255489,0.15724272550828777
89602,258534,0.0
89602,261829,0.0
89602,265115,0.0
89602,270713,0.0
89602,271448,0.0
89602,274004,-0.9449111825230683
91113,93047,0.0
91113,95359,0.0
91113,95932,0.0
91113,101851,0.0
91113,102647,0.0
91113,104636,0.0
91113,105028,0.0
91113,105517,0.0
91113,105979,0.0
91113,107784,0.0
91113,110912,0.0
91113,110934,0.0
91113,113270,0.0
91113,126492,0.0
91113,135149,0.0
91113,136382,0.0
91113,140000,0.0
91113,140358,0.0
91113,147847,0.0
91113,148744,0.0
91113,150979,-0.5000000000000001
91113,153662,0.0
91113,158295,0.0
91113,158433,0.0
91113,159506,0.0
91113,162639,-0.9999999999999998
91113,164323,0.0
91113,165308,0.9999999999999998
91113,170513,0.0
91113,177432,0.0
91113,187145,0.0
91113,187256,1.0
91113,196077,0.0
91113,200226,0.0
91113,203240,0.0
91113,204864,0.0
91113,210485,0.9999999999999998
91113,211426,0.0
91113,214786,0.0
91113,220688,0.0
91113,224349,0.0
91113,225763,0.0
91113,226965,0.0
91113,227705,0.0
91113,229741,0.0
91113,231210,0.0
91113,232945,0.0
91113,235282,0.0
91113,236340,0.0
91113,236757,0.0
91113,241980,0.0
91113,242083,0.0
91113,245410,0.0
91113,255489,0.9999999999999998
91113,258534,-1.0
91113,261829,-0.9999999999999998
91113,265115,0.0
91113,270713,-0.9999999999999998
91113,271448,0.0
91113,274004,0.0
93047,95359,0.0
93047,95932,0.0
93047,101851,0.0
93047,102647,0.0
93047,104636,0.0
93047,105028,0.0
93047,105517,0.0
93047,105979,0.0
93047,107784,0.0
93047,110912,0.0
93047,110934,0.5
93047,113270,0.0
93047,126492,0.0
93047,135149,0.0
93047,136382,0.0
93047,140000,0.0
93047,140358,0.0
93047,147847,0.0
93047,148744,0.0
93047,150979,0.0
93047,153662,0.0
93047,158295,0.0
93047,158433,0.0
93047,159506,0.0
93047,162639,0.0
93047,164323,0.0
93047,165308,0.0
93047,170513,0.0
93047,177432,0.0
93047,187145,0.0
93047,187256,0.0
93047,196077,0.0
93047,200226,0.0
93047,203240,0.0
93047,204864,0.0
93047,210485,0.0
93047,211426,0.8660254037844385
93047,214786,0.0
93047,220688,0.0
93047,224349,0.0
93047,225763,0.0
93047,226965,0.0
93047,227705,0.0
93047,229741,0.0
93047,231210,0.0
93047,232945,0.0
93047,235282,0.0
93047,236340,0.0
93047,236757,0.0
93047,241980,0.0
93047,242083,0.0
93047,245410,0.0
93047,255489,0.0
93047,258534,0.0
93047,261829,0.0
93047,265115,0.0
93047,270713,0.0
93047,271448,1.0
93047,274004,0.0
95359,95932,0.0
95359,101851,0.0
95359,102647,0.0
95359,104636,-0.19090778698767144
95359,105028,0.9999999999999998
95359,105517,0.09016696346674323
95359,105979,0.3333333333333333
95359,107784,0.0
95359,110912,0.07484811885651194
95359,110934,1.0
95359,113270,0.0
95359,126492,0.0
95359,135149,-0.2672612419124244
95359,136382,0.5000000000000001
95359,140000,-0.48424799847909306
95359,140358,0.0
95359,147847,0.0
95359,148744,1.0
95359,150979,-0.1889822365046136
95359,153662,0.0
95359,158295,0.0
95359,158433,0.0
95359,159506,0.0
95359,162639,0.0
95359,164323,0.10012523486435176
95359,165308,1.0
95359,170513,0.0
95359,177432,1.0000000000000002
95359,187145,0.0
95359,187256,0.9449111825230679
95359,196077,-1.0000000000000002
95359,200226,1.0
95359,203240,0.953747635118964
95359,204864,0.4640954808922571
95359,210485,0.9271726499455307
95359,211426,0.0
95359,214786,0.0
95359,220688,0.0
95359,224349,-0.9128709291752769
95359,225763,-0.8728715609439694
95359,226965,0.944911182523068
95359,227705,0.0
95359,229741,0.7071067811865475
95359,231210,0.8093123765957438
95359,232945,0.0
95359,235282,-0.9622504486493763
95359,236340,0.7559289460184545
95359,236757,-0.5399687630411976
95359,241980,0.0
95359,242083,0.0
95359,245410,0.8164965809277259
95359,255489,0.6788228329958349
95359,258534,-1.0
95359,261829,0.18938850476964253
95359,265115,1.0
95359,270713,0.0
95359,271448,-0.16666666666666669
95359,274004,0.5222329678670935
95932,101851,0.0
95932,102647,0.0
95932,104636,0.0
95932,105028,0.0
95932,105517,0.0
95932,105979,0.0
95932,107784,0.0
95932,110912,0.0
95932,110934,0.0
95932,113270,0.0
95932,126492,-1.0
95932,135149,0.0
95932,136382,0.0
95932,140000,0.0
95932,140358,0.0
95932,147847,0.0
95932,148744,0.0
95932,150979,0.0
95932,153662,0.0
95932,158295,0.0
95932,158433,0.0
95932,159506,0.0
95932,162639,0.0
95932,164323,0.0
95932,165308,0.0
95932,170513,0.0
95932,177432,0.0
95932,187145,0.0
95932,187256,0.0
95932,196077,0.0
95932,200226,0.0
95932,203240,0.0
95932,204864,0.0
95932,210485,0.0
95932,211426,0.0
95932,214786,0.0
95932,220688,0.0
95932,224349,0.0
95932,225763,0.0
95932,226965,0.0
95932,227705,0.0
95932,229741,0.8660254037844385
95932,231210,0.0
95932,232945,0.0
95932,235282,0.0
95932,236340,0.0
95932,236757,0.0
95932,241980,0.0
95932,242083,-0.8660254037844385
95932,245410,0.0
95932,255489,0.0
95932,258534,0.0
95932,261829,0.0
95932,265115,0.0
95932,270713,0.0
95932,271448,0.0
95932,274004,0.0
101851,102647,0.0
101851,104636,0.0
101851,105028,0.0
101851,105517,0.0
101851,105979,0.0
101851,107784,0.0
101851,110912,0.0
101851,110934,0.0
101851,113270,0.0
101851,126492,-0.9819805060619655
101851,135149,0.8660254037844385
101851,136382,0.0
101851,140000,0.0
101851,140358,0.0
101851,147847,0.0
101851,148744,0.0
101851,150979,0.0
101851,153662,0.0
101851,158295,0.0
101851,158433,0.0
101851,159506,0.0
101851,162639,0.0
101851,164323,0.0
101851,165308,0.0
101851,170513,0.0
101851,177432,0.0
101851,187145,0.9999999999999998
101851,187256,0.0
101851,196077,0.0
101851,200226,0.0
101851,203240,0.0
101851,204864,0.0
101851,210485,0.0
101851,211426,0.0
101851,214786,0.0
101851,220688,0.0
101851,224349,0.0
101851,225763,0.0
101851,226965,0.0
101851,227705,0.0
101851,229741,0.0
101851,231210,0.0
101851,232945,0.0
101851,235282,0.0
101851,236340,0.9999999999999998
101851,236757,0.0
101851,241980,0.0
101851,242083,-1.0
101851,245410,0.0
101851,255489,0.0
101851,258534,0.0
101851,261829,0.0
101851,265115,0.0
101851,270713,0.0
101851,271448,0.0
101851,274004,0.0
102647,104636,0.8703882797784892
102647,105028,0.5000000000000001
102647,105517,-0.9999999999999998
102647,105979,-1.0
102647,107784,0.0
102647,110912,0.0
102647,110934,-0.8545426619509555
102647,113270,0.0
102647,126492,0.09090909090909091
102647,135149,-0.17407765595569785
102647,136382,0.0
102647,140000,0.0
102647,140358,0.0
102647,147847,0.0
102647,148744,0.0
102647,150979,-0.9999999999999998
102647,153662,0.7559289460184544
102647,158295,0.0
102647,158433,0.42257712736425823
102647,159506,-0.8660254037844385
102647,162639,0.0
102647,164323,0.9999999999999998
102647,165308,0.0
102647,170513,0.0
102647,177432,0.0
102647,187145,0.0
102647,187256,0.0
102647,196077,0.0
102647,200226,0.0
102647,203240,0.0
102647,204864,0.0
102647,210485,0.0
102647,211426,0.0
102647,214786,0.0
102647,220688,0.0
102647,224349,0.9999999999999998
102647,225763,0.0
102647,226965,0.0
102647,227705,0.0
102647,229741,-0.9707253433941508
102647,231210,0.0
102647,232945,-0.9999999999999998
102647,235282,0.0
102647,236340,0.09928550884822428
102647,236757,0.0
102647,241980,0.0
102647,242083,0.32444284226152503
102647,245410,0.0
102647,255489,-0.9999999999999998
102647,258534,0.0
102647,261829,-0.9999999999999998
102647,265115,0.9999999999999998
102647,270713,0.0
102647,271448,0.0
102647,274004,0.0
104636,105028,0.0
104636,105517,0.0
104636,105979,0.1690308509457033
104636,107784,-0.5222329678670935
104636,110912,0.5000000000000001
104636,110934,-1.0000000000000002
104636,113270,0.0
104636,126492,-0.5
104636,135149,-0.19094065395649334
104636,136382,0.7740702698132101
104636,140000,0.9302605094190634
104636,140358,0.0
104636,147847,0.0
104636,148744,0.9999999999999998
104636,150979,0.9999999999999998
104636,153662,0.9801960588196069
104636,158295,0.1336306209562122
104636,158433,-0.5000000000000001
104636,159506,-0.4444444444444444
104636,162639,0.0
104636,164323,0.6507913734559688
104636,165308,0.0
104636,170513,0.0
104636,177432,0.0
104636,187145,0.0
104636,187256,0.0
104636,196077,0.0
104636,200226,1.0000000000000002
104636,203240,0.0
104636,204864,0.0
104636,210485,-0.5000000000000001
104636,211426,0.0
104636,214786,0.0
104636,220688,0.0
104636,224349,0.0
104636,225763,0.0
104636,226965,0.0
104636,227705,0.8315218406202998
104636,229741,0.0
104636,231210,-0.5773502691896258
104636,232945,0.1690308509457033
104636,235282,-1.0000000000000002
104636,236340,0.37387825055298296
104636,236757,0.0
104636,241980,1.0000000000000002
104636,242083,0.8116794499134278
104636,245410,0.0
104636,255489,0.5
104636,258534,-0.5652173913043478
104636,261829,0.5473987486932373
104636,265115,0.0
104636,270713,-0.9999999999999998
104636,271448,0.0
104636,274004,0.0
105028,105517,0.0
105028,105979,0.0
105028,107784,0.0
105028,110912,0.0
105028,110934,0.0
105028,113270,0.0
105028,126492,0.7559289460184546
105028,135149,0.0
105028,136382,0.0
105028,140000,0.0
105028,140358,0.0
105028,147847,0.0
105028,148744,0.0
105028,150979,0.0
105028,153662,1.0000000000000002
105028,158295,0.0
105028,158433,0.5000000000000001
105028,159506,0.0
105028,162639,0.0
105028,164323,0.0
105028,165308,0.0
105028,170513,0.0
105028,177432,0.0
105028,187145,0.0
105028,187256,0.0
105028,196077,0.0
105028,200226,0.0
105028,203240,0.0
105028,204864,0.0
105028,210485,0.9999999999999998
105028,211426,0.0
105028,214786,0.0
105028,220688,0.0
105028,224349,0.9999999999999998
105028,225763,-0.9999999999999998
105028,226965,0.0
105028,227705,0.9999999999999998
105028,229741,0.0
105028,231210,0.0
105028,232945,0.0
105028,235282,0.0
105028,236340,0.0
105028,236757,0.0
105028,241980,0.0
105028,242083,0.0
105028,245410,0.0
105028,255489,0.0
105028,258534,0.0
105028,261829,0.0
105028,265115,0.0
105028,270713,0.0
105028,271448,0.0
105028,274004,0.0
105517,105979,0.0
105517,107784,0.0
105517,110912,0.0
105517,110934,0.0
105517,113270,0.0
105517,126492,0.0
105517,135149,-0.9999999999999998
105517,136382,0.0
105517,140000,0.0
105517,140358,0.0
105517,147847,0.0
105517,148744,0.0
105517,150979,0.0
105517,153662,0.0
105517,158295,0.5
105517,158433,0.9999999999999998
105517,159506,0.0
105517,162639,0.0
105517,164323,0.9999999999999998
105517,165308,0.0
105517,170513,0.0
105517,177432,0.0
105517,187145,0.0
105517,187256,0.0
105517,196077,0.0
105517,200226,0.0
105517,203240,0.0
105517,204864,0.0
105517,210485,0.0
105517,211426,0.0
105517,214786,0.0
105517,220688,0.0
105517,224349,0.0
105517,225763,0.0
105517,226965,0.0
105517,227705,0.0
105517,229741,-0.9999999999999998
105517,231210,0.0
105517,232945,0.0
105517,235282,0.0
105517,236340,0.0
105517,236757,0.0
105517,241980,0.0
105517,242083,0.9999999999999998
105517,245410,0.0
105517,255489,0.9999999999999998
105517,258534,0.0
105517,261829,0.0
105517,265115,0.0
105517,270713,0.0
105517,271448,0.0
105517,274004,0.9999999999999998
105979,107784,-0.5222329678670935
105979,110912,-0.33333333333333337
105979,110934,0.0
105979,113270,0.32732683535398854
105979,126492,0.0
105979,135149,0.0
105979,136382,0.0
105979,140000,-0.9999999999999998
105979,140358,0.0
105979,147847,0.0
105979,148744,0.0
105979,150979,0.0
105979,153662,0.0
105979,158295,0.0
105979,158433,0.0
105979,159506,0.0
105979,162639,0.0
105979,164323,0.9999999999999998
105979,165308,0.0
105979,170513,0.0
105979,177432,0.0
105979,187145,0.0
105979,187256,0.0
105979,196077,0.0
105979,200226,0.0
105979,203240,0.0
105979,204864,0.0
105979,210485,0.0
105979,211426,0.0
105979,214786,0.0
105979,220688,0.0
105979,224349,0.0
105979,225763,0.0
105979,226965,0.0
105979,227705,-0.6933752452815365
105979,229741,0.0
105979,231210,0.0
105979,232945,0.0
105979,235282,0.9999999999999998
105979,236340,0.0
105979,236757,0.0
105979,241980,0.0
105979,242083,0.0
105979,245410,0.0
105979,255489,0.0
105979,258534,0.0
105979,261829,0.0
105979,265115,-1.0
105979,270713,1.0
105979,271448,0.0
105979,274004,0.0
107784,110912,0.0
107784,110934,0.0
107784,113270,0.0
107784,126492,0.9058216273156767
107784,135149,0.0
107784,136382,0.0
107784,140000,0.0
107784,140358,0.0
107784,147847,0.0
107784,148744,0.0
107784,150979,-0.9999999999999998
107784,153662,-0.11470786693528086
107784,158295,-1.0000000000000002
107784,158433,1.0000000000000002
107784,159506,0.6621221919717306
107784,162639,0.0
107784,164323,0.0
107784,165308,0.0
107784,170513,0.0
107784,177432,0.8029550685469661
107784,187145,0.0
107784,187256,0.0
107784,196077,1.0
107784,200226,0.0
107784,203240,0.0
107784,204864,0.0
107784,210485,-0.9434563530497265
107784,211426,0.0
107784,214786,0.8164965809277261
107784,220688,0.0
107784,224349,0.0
107784,225763,0.0
107784,226965,0.0
107784,227705,0.5000000000000001
107784,229741,0.0
107784,231210,0.0
107784,232945,0.0
107784,235282,0.0
107784,236340,-0.5
107784,236757,0.0
107784,241980,0.4472135954999579
107784,242083,-0.3884967530354061
107784,245410,0.0
107784,255489,1.0
107784,258534,-0.9999999999999998
107784,261829,0.0
107784,265115,0.0
107784,270713,0.0
107784,271448,0.0
107784,274004,0.0
110912,110934,0.0
110912,113270,0.0
110912,126492,0.0
110912,135149,0.0
110912,136382,0.0
110912,140000,0.0
110912,140358,0.0
110912,147847,0.9999999999999998
110912,148744,0.0
110912,150979,0.0
110912,153662,0.0
110912,158295,0.0
110912,158433,0.0
110912,159506,0.0
110912,162639,-0.408248290463863
110912,164323,-1.0
110912,165308,0.6488856845230501
110912,170513,0.0
110912,177432,-0.9999999999999998
110912,187145,0.0
110912,187256,-0.33333333333333337
110912,196077,-0.3973597071195131
110912,200226,0.0
110912,203240,-0.9819805060619659
110912,204864,0.2533593918376833
110912,210485,0.0
110912,211426,1.0
110912,214786,0.0
110912,220688,0.0
110912,224349,0.0
110912,225763,-0.5773502691896257
110912,226965,0.0
110912,227705,0.0
110912,229741,-1.0000000000000002
110912,231210,-0.7559289460184545
110912,232945,0.9999999999999998
110912,235282,0.0
110912,236340,0.0
110912,236757,-0.8029550685469661
110912,241980,0.0
110912,242083,0.0
110912,245410,0.9999999999999998
110912,255489,0.13245323570650439
110912,258534,0.0
110912,261829,0.5773502691896258
110912,265115,0.41251432366269514
110912,270713,0.19245008972987526
110912,271448,-0.9819805060619655
110912,274004,0.0
110934,113270,0.0
110934,126492,0.5000000000000001
110934,135149,0.0
110934,136382,0.0
110934,140000,0.0
110934,140358,0.0
110934,147847,0.0
110934,148744,0.0
110934,150979,-1.0000000000000002
110934,153662,0.0
110934,158295,0.0
110934,158433,0.0
110934,159506,0.9999999999999998
110934,162639,0.0
110934,164323,-0.9999999999999998
110934,165308,0.0
110934,170513,0.5773502691896257
110934,177432,0.0
110934,187145,0.9999999999999998
110934,187256,0.0
110934,196077,0.0
110934,200226,0.4999999999999999
110934,203240,0.0
110934,204864,0.0
110934,210485,0.0
110934,211426,0.0
110934,214786,0.0
110934,220688,0.0
110934,224349,0.0
110934,225763,0.0
110934,226965,0.0
110934,227705,0.0
110934,229741,0.7745966692414833
110934,231210,0.0
110934,232945,0.0
110934,235282,0.0
110934,236340,-0.8660254037844385
110934,236757,0.0
110934,241980,0.0
110934,242083,-1.0
110934,245410,0.0
110934,255489,-0.1889822365046136
110934,258534,0.0
110934,261829,0.9999999999999998
110934,265115,0.0
110934,270713,0.0
110934,271448,0.8660254037844385
110934,274004,0.0
113270,126492,0.0
113270,135149,0.0
113270,136382,0.0
113270,140000,0.32186034291019205
113270,140358,0.0
113270,147847,0.0
113270,148744,0.0
113270,150979,0.0
113270,153662,0.0
113270,158295,0.0
113270,158433,-0.9999999999999998
113270,159506,0.0
113270,162639,0.0
113270,164323,1.0
113270,165308,0.0
113270,170513,0.0
113270,177432,0.0
113270,187145,0.0
113270,187256,1.0
113270,196077,0.0
113270,200226,0.0
113270,203240,0.0
113270,204864,0.9999999999999998
113270,210485,-0.8660254037844385
113270,211426,0.0
113270,214786,0.0
113270,220688,0.0
113270,224349,0.0
113270,225763,0.0
113270,226965,0.0
113270,227705,0.9999999999999998
113270,229741,0.0
113270,231210,1.0000000000000002
113270,232945,0.0
113270,235282,-0.9999999999999998
113270,236340,0.0
113270,236757,0.0
113270,241980,0.0
113270,242083,0.0
113270,245410,0.0
113270,255489,0.0
113270,258534,0.0
113270,261829,-0.8660254037844385
113270,265115,0.0
113270,270713,0.0
113270,271448,0.0
113270,274004,0.0
126492,135149,0.0
126492,136382,0.0
126492,140000,0.0
126492,140358,0.0
126492,147847,0.0
126492,148744,-0.9999999999999998
126492,150979,-0.1889822365046136
126492,153662,0.0
126492,158295,0.7735737130957594
126492,158433,0.5773502691896258
126492,159506,0.0
126492,162639,0.0
126492,164323,-0.5
126492,165308,0.9999999999999998
126492,170513,0.0
126492,177432,0.16666666666666657
126492,187145,0.0
126492,187256,0.0
126492,196077,0.0
126492,200226,0.0
126492,203240,0.0
126492,204864,0.6546536707079771
126492,210485,0.0
126492,211426,-0.7559289460184544
126492,214786,0.10846522890932807
126492,220688,0.0
126492,224349,0.0
126492,225763,-0.9999999999999998
126492,226965,0.0
126492,227705,-0.512989176042577
126492,229741,-0.8703882797784892
126492,231210,0.0
126492,232945,0.5773502691896258
126492,235282,0.0
126492,236340,-0.30151134457776363
126492,236757,1.0
126492,241980,0.6546536707079772
126492,242083,-0.4885699182018388
126492,245410,0.18898223650461365
126492,255489,0.9460998335825322
126492,258534,0.4999999999999999
126492,261829,0.0
126492,265115,0.9999999999999998
126492,270713,0.0
126492,271448,-0.1889822365046136
126492,274004,0.0
135149,136382,0.0
135149,140000,0.0
135149,140358,0.0
135149,147847,0.0
135149,148744,0.0
135149,150979,0.6201736729460423
135149,153662,0.0
135149,158295,0.0
135149,158433,0.0
135149,159506,0.8660254037844385
135149,162639,-0.9999999999999998
135149,164323,0.0
135149,165308,-0.8660254037844385
135149,170513,0.9999999999999998
135149,177432,0.0
135149,187145,0.0
135149,187256,0.0
135149,196077,0.0
135149,200226,1.0
135149,203240,-1.0
135149,204864,0.0
135149,210485,-1.0
135149,211426,0.0
135149,214786,0.0
135149,220688,0.0
135149,224349,1.0
135149,225763,0.0
135149,226965,0.0
135149,227705,0.9999999999999998
135149,229741,1.0000000000000002
135149,231210,-1.0
135149,232945,0.0
135149,235282,0.0
135149,236340,0.5000000000000001
135149,236757,0.9819805060619656
135149,241980,0.0
135149,242083,-0.264575131106459
135149,245410,0.0
135149,255489,-1.0
135149,258534,0.0
135149,261829,0.0
135149,265115,0.8660254037844385
135149,270713,0.0
135149,271448,0.5897678246195888
135149,274004,0.0
136382,140000,0.0
136382,140358,0.0
136382,147847,0.0
136382,148744,0.0
136382,150979,0.0
136382,153662,0.0
136382,158295,0.0
136382,158433,0.0
136382,159506,0.3273268353539886
136382,162639,-0.8660254037844385
136382,164323,0.0
136382,165308,0.0
136382,170513,0.0
136382,177432,0.0
136382,187145,0.0
136382,187256,0.0
136382,196077,-0.8528028654224417
136382,200226,0.42640143271122083
136382,203240,0.0
136382,204864,0.0
136382,210485,0.9999999999999998
136382,211426,0.0
136382,214786,0.0
136382,220688,0.0
136382,224349,0.0
136382,225763,0.0
136382,226965,0.0
136382,227705,0.7777137710478189
136382,229741,0.0
136382,231210,0.9999999999999998
136382,232945,0.0
136382,235282,0.9999999999999998
136382,236340,-0.18898223650461368
136382,236757,0.0
136382,241980,0.0
136382,242083,0.0
136382,245410,-0.5773502691896258
136382,255489,0.0
136382,258534,-0.38851434494290565
136382,261829,0.0
136382,265115,0.0
136382,270713,0.0
136382,271448,0.0
136382,274004,0.0
140000,140358,0.0
140000,147847,0.0
140000,148744,0.0
140000,150979,0.9999999999999998
140000,153662,0.0
140000,158295,0.0
140000,158433,0.0
140000,159506,0.0
140000,162639,0.0
140000,164323,-0.14002800840280097
140000,165308,0.0
140000,170513,0.0
140000,177432,0.0
140000,187145,0.0
140000,187256,0.0
140000,196077,0.0
140000,200226,0.0
140000,203240,0.0
140000,204864,1.0
140000,210485,-0.9999999999999998
140000,211426,0.0
140000,214786,0.0
140000,220688,0.0
140000,224349,0.0
140000,225763,0.5000000000000001
140000,226965,0.0
140000,227705,0.9999999999999998
140000,229741,0.0
140000,231210,0.0
140000,232945,0.0
140000,235282,0.5
140000,236340,1.0
140000,236757,0.9999999999999998
140000,241980,0.0
140000,242083,-1.0000000000000002
140000,245410,0.0
140000,255489,-0.6708203932499369
140000,258534,0.0
140000,261829,0.0
140000,265115,0.0
140000,270713,0.0
140000,271448,0.0
140000,274004,0.0
140358,147847,0.0
140358,148744,0.0
140358,150979,0.0
140358,153662,0.0
140358,158295,0.0
140358,158433,0.0
140358,159506,0.0
140358,162639,0.0
140358,164323,0.0
140358,165308,0.0
140358,170513,0.0
140358,177432,0.0
140358,187145,0.0
140358,187256,0.0
140358,196077,0.0
140358,200226,0.0
140358,203240,0.0
140358,204864,0.0
140358,210485,0.0
140358,211426,0.0
140358,214786,0.0
140358,220688,0.0
140358,224349,0.0
140358,225763,0.0
140358,226965,0.0
140358,227705,0.0
140358,229741,0.0
140358,231210,0.0
140358,232945,0.0
140358,235282,0.0
140358,236340,0.0
140358,236757,0.0
140358,241980,0.0
140358,242083,0.0
140358,245410,0.0
140358,255489,0.0
140358,258534,0.0
140358,261829,0.0
140358,265115,0.0
140358,270713,0.0
140358,271448,0.0
140358,274004,0.0
147847,148744,0.0
147847,150979,0.0
147847,153662,0.0
147847,158295,0.0
147847,158433,0.0
147847,159506,0.0
147847,162639,0.0
147847,164323,0.0
147847,165308,0.0
147847,170513,0.0
147847,177432,0.0
147847,187145,0.0
147847,187256,0.0
147847,196077,0.0
147847,200226,0.0
147847,203240,0.0
147847,204864,0.0
147847,210485,0.0
147847,211426,0.0
147847,214786,0.0
147847,220688,0.0
147847,224349,0.0
147847,225763,0.0
147847,226965,0.0
147847,227705,0.0
147847,229741,0.0
147847,231210,0.0
147847,232945,0.0
147847,235282,-0.9999999999999998
147847,236340,0.0
147847,236757,0.0
147847,241980,0.0
147847,242083,0.0
147847,245410,0.0
147847,255489,0.0
147847,258534,0.0
147847,261829,0.0
147847,265115,0.0
147847,270713,0.0
147847,271448,0.0
147847,274004,0.0
148744,150979,0.0
148744,153662,0.0
148744,158295,-0.9999999999999998
148744,158433,0.0
148744,159506,-0.9999999999999998
148744,162639,-0.8660254037844385
148744,164323,0.0
148744,165308,0.0
148744,170513,0.5000000000000001
148744,177432,0.0
148744,187145,0.0
148744,187256,0.0
148744,196077,0.0
148744,200226,0.0
148744,203240,-1.0
148744,204864,0.6933752452815364
148744,210485,-0.5
148744,211426,0.0
148744,214786,0.0
148744,220688,0.0
148744,224349,0.0
148744,225763,0.0
148744,226965,0.0
148744,227705,0.0
148744,229741,0.0
148744,231210,0.0
148744,232945,0.0
148744,235282,1.0
148744,236340,0.0
148744,236757,0.0
148744,241980,0.0
148744,242083,-0.9999999999999998
148744,245410,0.0
148744,255489,-0.9999999999999998
148744,258534,0.0
148744,261829,0.0
148744,265115,0.0
148744,270713,0.0
148744,271448,-0.5000000000000001
148744,274004,0.0
150979,153662,0.0
150979,158295,0.0
150979,158433,0.0
150979,159506,0.0
150979,162639,0.9999999999999998
150979,164323,0.0
150979,165308,0.0
150979,170513,0.0
150979,177432,0.0
150979,187145,0.0
150979,187256,0.0
150979,196077,0.0
150979,200226,0.0
150979,203240,0.0
150979,204864,0.0
150979,210485,0.0
150979,211426,-0.9819805060619655
150979,214786,0.0
150979,220688,0.0
150979,224349,0.0
150979,225763,1.0
150979,226965,0.0
150979,227705,0.0
150979,229741,-0.8660254037844385
150979,231210,0.0
150979,232945,0.0
150979,235282,0.0
150979,236340,0.9999999999999998
150979,236757,1.0000000000000002
150979,241980,0.0
150979,242083,0.2461829819586655
150979,245410,0.0
150979,255489,0.5
150979,258534,0.0
150979,261829,0.9999999999999998
150979,265115,0.0
150979,270713,0.0
150979,271448,-0.4999999999999999
150979,274004,0.0
153662,158295,0.0
153662,158433,0.5000000000000001
153662,159506,-0.2696799449852968
153662,162639,0.0
153662,164323,0.0
153662,165308,0.9999999999999998
153662,170513,0.0
153662,177432,0.0
153662,187145,0.0
153662,187256,0.0
153662,196077,0.0
153662,200226,0.0
153662,203240,0.0
153662,204864,1.0
153662,210485,0.0
153662,211426,0.0
153662,214786,0.0
153662,220688,0.0
153662,224349,0.0
153662,225763,0.0
153662,226965,0.0
153662,227705,0.0
153662,229741,0.0
153662,231210,0.0
153662,232945,0.0
153662,235282,0.0
153662,236340,0.0
153662,236757,0.0
153662,241980,0.0
153662,242083,0.0
153662,245410,0.0
153662,255489,0.0
153662,258534,0.0
153662,261829,0.5
153662,265115,0.0
153662,270713,0.0
153662,271448,0.0
153662,274004,0.0
158295,158433,0.0
158295,159506,0.0
158295,162639,0.0
158295,164323,0.8660254037844387
158295,165308,0.0
158295,170513,0.0
158295,177432,0.0
158295,187145,0.0
158295,187256,0.0
158295,196077,0.0
158295,200226,0.0
158295,203240,0.0
158295,204864,0.0
158295,210485,0.0
158295,211426,0.0
158295,214786,0.9999999999999998
158295,220688,0.0
158295,224349,0.0
158295,225763,1.0
158295,226965,0.0
158295,227705,0.0
158295,229741,0.0
158295,231210,0.0
158295,232945,0.0
158295,235282,0.0
158295,236340,-0.944911182523068
158295,236757,0.0
158295,241980,0.0
158295,242083,-0.8783100656536799
158295,245410,0.9999999999999998
158295,255489,0.5000000000000001
158295,258534,0.8660254037844387
158295,261829,0.0
158295,265115,0.0
158295,270713,0.0
158295,271448,0.0
158295,274004,0.0
158433,159506,0.0
158433,162639,0.0
158433,164323,0.0
158433,165308,0.0
158433,170513,0.0
158433,177432,0.0
158433,187145,0.0
158433,187256,0.0
158433,196077,0.0
158433,200226,0.0
158433,203240,0.0
158433,204864,0.0
158433,210485,0.9999999999999998
158433,211426,0.0
158433,214786,0.0
158433,220688,0.0
158433,224349,1.0
158433,225763,0.0
158433,226965,0.0
158433,227705,0.0
158433,229741,0.0
158433,231210,0.0
158433,232945,0.0
158433,235282,0.0
158433,236340,0.0
158433,236757,0.0
158433,241980,-0.9999999999999998
158433,242083,0.8660254037844385
158433,245410,0.0
158433,255489,0.0
158433,258534,0.0
158433,261829,0.0
158433,265115,0.9999999999999998
158433,270713,0.9999999999999998
158433,271448,0.0
158433,274004,0.9819805060619655
159506,162639,0.0
159506,164323,0.0
159506,165308,0.0
159506,170513,0.0
159506,177432,0.0
159506,187145,-1.0
159506,187256,0.0
159506,196077,0.0
159506,200226,0.9999999999999998
159506,203240,0.0
159506,204864,0.0
159506,210485,0.9999999999999998
159506,211426,0.0
159506,214786,0.0
159506,220688,0.0
159506,224349,0.0
159506,225763,0.0
159506,226965,0.0
159506,227705,0.18898223650461365
159506,229741,0.0
159506,231210,0.0
159506,232945,0.0
159506,235282,0.0
159506,236340,-0.5
159506,236757,0.0
159506,241980,-0.5
159506,242083,-0.21004201260420144
159506,245410,0.0
159506,255489,0.9999999999999998
159506,258534,-0.8164965809277259
159506,261829,0.0
159506,265115,0.0
159506,270713,0.0
159506,271448,0.0
159506,274004,0.0
162639,164323,0.0
162639,165308,1.0
162639,170513,0.9682458365518541
162639,177432,0.0
162639,187145,0.0
162639,187256,0.0
162639,196077,0.8551861104941365
162639,200226,0.0
162639,203240,0.0
162639,204864,-1.0000000000000002
162639,210485,0.8660254037844385
162639,211426,0.0
162639,214786,0.0
162639,220688,-0.2773500981126145
162639,224349,0.0
162639,225763,0.0
162639,226965,1.0
162639,227705,0.0
162639,229741,-0.5270462766947299
162639,231210,0.0
162639,232945,0.0
162639,235282,0.0
162639,236340,0.0
162639,236757,0.0
162639,241980,0.0
162639,242083,1.0
162639,245410,1.0000000000000002
162639,255489,0.0
162639,258534,0.0
162639,261829,-0.8660254037844385
162639,265115,0.8660254037844387
162639,270713,0.0
162639,271448,-1.0
162639,274004,0.0
164323,165308,0.0
164323,170513,0.0
164323,177432,0.0
164323,187145,0.0
164323,187256,0.0
164323,196077,0.0
164323,200226,0.0
164323,203240,0.0
164323,204864,0.0
164323,210485,-0.17407765595569785
164323,211426,0.0
164323,214786,0.0
164323,220688,0.0
164323,224349,0.0
164323,225763,0.0
164323,226965,0.0
164323,227705,0.0
164323,229741,0.0
164323,231210,0.0
164323,232945,0.9999999999999998
164323,235282,-1.0000000000000002
164323,236340,0.8029550685469662
164323,236757,0.0
164323,241980,0.0
164323,242083,0.0
164323,245410,0.0
164323,255489,0.8660254037844385
164323,258534,0.0
164323,261829,0.0
164323,265115,0.0
164323,270713,0.0
164323,271448,0.0
164323,274004,0.8660254037844385
165308,170513,0.3273268353539885
165308,177432,0.0
165308,187145,0.0
165308,187256,1.0000000000000002
165308,196077,-0.9566892062149212
165308,200226,0.0
165308,203240,0.0
165308,204864,-0.7559289460184544
165308,210485,-1.0
165308,211426,0.0
165308,214786,0.0
165308,220688,-0.5000000000000001
165308,224349,0.0
165308,225763,0.0
165308,226965,0.0
165308,227705,0.0
165308,229741,-0.7071067811865475
165308,231210,0.0
165308,232945,0.0
165308,235282,0.0
165308,236340,0.0
165308,236757,-0.9958705948858224
165308,241980,0.0
165308,242083,0.0
165308,245410,0.0
165308,255489,0.9999999999999998
165308,258534,0.0
165308,261829,0.0
165308,265115,-0.9999999999999998
165308,270713,-1.0
165308,271448,-0.4285714285714286
165308,274004,0.0
170513,177432,0.0
170513,187145,0.0
170513,187256,0.0
170513,196077,0.0
170513,200226,0.0
170513,203240,0.0
170513,204864,1.0
170513,210485,-0.5000000000000001
170513,211426,0.0
170513,214786,0.0
170513,220688,0.0
170513,224349,0.0
170513,225763,0.0
170513,226965,0.0
170513,227705,0.0
170513,229741,-0.5000000000000001
170513,231210,0.0
170513,232945,0.0
170513,235282,0.0
170513,236340,0.0
170513,236757,1.0
170513,241980,0.0
170513,242083,-0.5222329678670935
170513,245410,0.0
170513,255489,0.0
170513,258534,0.0
170513,261829,0.0
170513,265115,0.0
170513,270713,0.0
170513,271448,0.9999999999999998
170513,274004,0.0
177432,187145,1.0000000000000002
177432,187256,0.0
177432,196077,0.0
177432,200226,0.9999999999999998
177432,203240,0.0
177432,204864,0.0
177432,210485,0.0
177432,211426,0.0
177432,214786,0.5
177432,220688,0.0
177432,224349,0.0
177432,225763,0.0
177432,226965,-0.9999999999999998
177432,227705,0.0
177432,229741,0.9999999999999998
177432,231210,0.0
177432,232945,0.0
177432,235282,0.0
177432,236340,0.0
177432,236757,0.0
177432,241980,0.9999999999999998
177432,242083,0.0
177432,245410,0.9999999999999998
177432,255489,0.9999999999999998
177432,258534,0.0
177432,261829,0.0
177432,265115,0.0
177432,270713,0.0
177432,271448,0.0
177432,274004,0.0
187145,187256,0.0
187145,196077,0.0
187145,200226,0.9999999999999998
187145,203240,0.0
187145,204864,0.0
187145,210485,0.0
187145,211426,0.0
187145,214786,0.0
187145,220688,0.9999999999999999
187145,224349,0.0
187145,225763,0.0
187145,226965,0.0
187145,227705,0.0
187145,229741,0.0
187145,231210,1.0000000000000002
187145,232945,0.0
187145,235282,0.0
187145,236340,0.9999999999999998
187145,236757,0.0
187145,241980,0.0
187145,242083,0.0
187145,245410,0.0
187145,255489,0.0
187145,258534,0.0
187145,261829,0.0
187145,265115,0.0
187145,270713,0.0
187145,271448,0.9999999999999998
187145,274004,0.0
187256,196077,-0.9449111825230682
187256,200226,0.0
187256,203240,-0.944911182523068
187256,204864,-1.0
187256,210485,1.0
187256,211426,0.0
187256,214786,0.0
187256,220688,0.9999999999999999
187256,224349,0.0
187256,225763,0.0
187256,226965,0.0
187256,227705,0.0
187256,229741,0.0
187256,231210,0.0
187256,232945,0.0
187256,235282,0.0
187256,236340,0.0
187256,236757,-0.9999999999999998
187256,241980,0.0
187256,242083,0.0
187256,245410,0.0
187256,255489,0.9819805060619656
187256,258534,0.0
187256,261829,0.0
187256,265115,0.0
187256,270713,-0.9958705948858223
187256,271448,0.0747017880833996
187256,274004,0.0
196077,200226,0.0
196077,203240,-0.9999999999999998
196077,204864,0.6882472016116852
196077,210485,0.0
196077,211426,0.0
196077,214786,0.0
196077,220688,1.0000000000000002
196077,224349,0.0
196077,225763,0.0
196077,226965,0.0
196077,227705,0.0
196077,229741,0.9449111825230683
196077,231210,-0.9999999999999998
196077,232945,0.0
196077,235282,0.0
196077,236340,0.0
196077,236757,0.6622661785325219
196077,241980,0.0
196077,242083,0.0
196077,245410,0.0
196077,255489,-0.9999999999999998
196077,258534,0.0
196077,261829,0.0
196077,265115,1.0
196077,270713,0.5000000000000001
196077,271448,-0.9449111825230682
196077,274004,0.0
200226,203240,0.0
200226,204864,0.0
200226,210485,0.0
200226,211426,0.0
200226,214786,0.0
200226,220688,0.0
200226,224349,0.0
200226,225763,0.0
200226,226965,0.0
200226,227705,0.0
200226,229741,0.5
200226,231210,0.0
200226,232945,0.0
200226,235282,0.0
200226,236340,0.0
200226,236757,0.0
200226,241980,0.0
200226,242083,0.0
200226,245410,-0.5000000000000001
200226,255489,1.0
200226,258534,-0.5000000000000001
200226,261829,1.0
200226,265115,0.0
200226,270713,1.0
200226,271448,0.0
200226,274004,0.0
203240,204864,-0.10206207261596577
203240,210485,0.0
203240,211426,0.0
203240,214786,0.0
203240,220688,0.0
203240,224349,0.0
203240,225763,0.9999999999999998
203240,226965,0.0
203240,227705,-0.9999999999999998
203240,229741,0.0
203240,231210,-0.18898223650461363
203240,232945,0.0
203240,235282,0.0
203240,236340,0.0
203240,236757,-0.9999999999999998
203240,241980,0.0
203240,242083,0.0
203240,245410,0.0
203240,255489,0.0
203240,258534,0.0
203240,261829,0.0
203240,265115,0.0
203240,270713,-1.0
203240,271448,-1.0
203240,274004,0.0
204864,210485,0.9999999999999998
204864,211426,0.0
204864,214786,0.0
204864,220688,0.0
204864,224349,0.0
204864,225763,0.0
204864,226965,0.0
204864,227705,0.0
204864,229741,0.0
204864,231210,0.917662935482247
204864,232945,0.0
204864,235282,-0.5447047794019222
204864,236340,0.0
204864,236757,1.0000000000000002
204864,241980,0.0
204864,242083,0.0
204864,245410,0.0
204864,255489,-0.8660254037844385
204864,258534,0.0
204864,261829,-0.447213595499958
204864,265115,0.0
204864,270713,0.0
204864,271448,-0.8164965809277261
204864,274004,0.0
210485,211426,0.0
210485,214786,0.0
210485,220688,0.0
210485,224349,0.7559289460184544
210485,225763,0.0
210485,226965,0.0
210485,227705,1.0000000000000002
210485,229741,0.0
210485,231210,0.9449111825230683
210485,232945,0.0
210485,235282,0.18898223650461368
210485,236340,0.0
210485,236757,0.0
210485,241980,0.0
210485,242083,1.0000000000000002
210485,245410,0.0
210485,255489,0.5
210485,258534,-0.9999999999999998
210485,261829,-0.9999999999999998
210485,265115,0.0
210485,270713,0.0
210485,271448,0.0
210485,274004,0.3273268353539885
211426,214786,0.0
211426,220688,0.0
211426,224349,0.0
211426,225763,0.0
211426,226965,0.0
211426,227705,0.0
211426,229741,0.4082482904638631
211426,231210,0.0
211426,232945,0.0
211426,235282,0.0
211426,236340,0.0
211426,236757,0.0
211426,241980,0.0
211426,242083,-0.3973597071195131
211426,245410,0.0
211426,255489,-0.8660254037844385
211426,258534,0.0
211426,261829,0.0
211426,265115,0.0
211426,270713,-0.8660254037844385
211426,271448,0.0
211426,274004,0.0
214786,220688,0.0
214786,224349,0.0
214786,225763,0.0
214786,226965,-0.9999999999999998
214786,227705,0.0
214786,229741,-0.5000000000000001
214786,231210,0.0
214786,232945,-0.9045340337332909
214786,235282,0.0
214786,236340,-0.9999999999999998
214786,236757,0.0
214786,241980,0.5261522196019803
214786,242083,0.8728715609439694
214786,245410,0.0
214786,255489,0.0
214786,258534,0.9999999999999998
214786,261829,0.0
214786,265115,0.9999999999999998
214786,270713,0.0
214786,271448,0.0
214786,274004,0.0
220688,224349,0.0
220688,225763,0.0
220688,226965,0.0
220688,227705,0.0
220688,229741,0.3162277660168381
220688,231210,0.0
220688,232945,0.0
220688,235282,0.0
220688,236340,0.0
220688,236757,0.0
220688,241980,0.0
220688,242083,0.0
220688,245410,0.0
220688,255489,0.0
220688,258534,0.0
220688,261829,0.0
220688,265115,0.0
220688,270713,0.0
220688,271448,0.9933992677987827
220688,274004,0.0
224349,225763,0.0
224349,226965,0.0
224349,227705,0.0
224349,229741,0.0
224349,231210,0.0
224349,232945,0.0
224349,235282,0.0
224349,236340,0.0
224349,236757,0.0
224349,241980,0.0
224349,242083,0.0
224349,245410,0.0
224349,255489,0.0
224349,258534,0.0
224349,261829,0.0
224349,265115,0.0
224349,270713,0.0
224349,271448,0.0
224349,274004,0.0
225763,226965,0.0
225763,227705,-1.0
225763,229741,0.0
225763,231210,-1.0
225763,232945,-1.0
225763,235282,0.7559289460184546
225763,236340,0.0
225763,236757,0.0
225763,241980,0.0
225763,242083,0.0
225763,245410,-0.5000000000000001
225763,255489,0.0
225763,258534,0.0
225763,261829,-0.7559289460184546
225763,265115,0.0
225763,270713,0.0
225763,271448,0.0
225763,274004,0.0
226965,227705,0.9999999999999998
226965,229741,0.0
226965,231210,0.0
226965,232945,0.0
226965,235282,0.0
226965,236340,0.0
226965,236757,0.0
226965,241980,0.0
226965,242083,0.0
226965,245410,0.0
226965,255489,0.0
226965,258534,0.0
226965,261829,0.0
226965,265115,0.0
226965,270713,0.0
226965,271448,0.0
226965,274004,0.0
227705,229741,-1.0
227705,231210,1.0
227705,232945,0.9045340337332909
227705,235282,0.0
227705,236340,0.0
227705,236757,0.0
227705,241980,0.0
227705,242083,0.4020151261036848
227705,245410,0.0
227705,255489,-0.49999999999999983
227705,258534,0.0
227705,261829,0.0
227705,265115,0.0
227705,270713,0.9999999999999998
227705,271448,0.0
227705,274004,0.0
229741,231210,0.0
229741,232945,0.0
229741,235282,0.0
229741,236340,0.0
229741,236757,0.0
229741,241980,0.0
229741,242083,-0.5393193716300061
229741,245410,0.0
229741,255489,-0.3227486121839514
229741,258534,0.0
229741,261829,0.0
229741,265115,0.0
229741,270713,0.9999999999999998
229741,271448,0.34299717028501775
229741,274004,0.0
231210,232945,0.0
231210,235282,0.7559289460184544
231210,236340,1.0
231210,236757,0.0
231210,241980,0.0
231210,242083,0.0
231210,245410,0.0
231210,255489,0.0
231210,258534,0.0
231210,261829,0.9999999999999998
231210,265115,0.0
231210,270713,1.0
231210,271448,0.0
231210,274004,0.0
232945,235282,0.0
232945,236340,0.0
232945,236757,0.0
232945,241980,0.0
232945,242083,-0.5000000000000001
232945,245410,0.0
232945,255489,0.0
232945,258534,1.0000000000000002
232945,261829,0.0
232945,265115,-0.9999999999999998
232945,270713,0.0
232945,271448,0.0
232945,274004,0.0
235282,236340,0.0
235282,236757,0.0
235282,241980,0.0
235282,242083,0.0
235282,245410,0.0
235282,255489,0.0
235282,258534,0.0
235282,261829,-0.5383819020581656
235282,265115,0.0
235282,270713,0.917662935482247
235282,271448,0.0
235282,274004,0.0
236340,236757,0.0
236340,241980,0.0
236340,242083,0.8660254037844387
236340,245410,0.0
236340,255489,0.0
236340,258534,0.06629935441317962
236340,261829,-0.9999999999999998
236340,265115,0.0
236340,270713,0.0
236340,271448,0.0
236340,274004,0.0
236757,241980,0.0
236757,242083,-0.9878291611472622
236757,245410,0.9999999999999998
236757,255489,-0.7071067811865475
236757,258534,0.0
236757,261829,0.0
236757,265115,0.0
236757,270713,0.5773502691896258
236757,271448,-0.9999999999999998
236757,274004,0.0
241980,242083,0.0
241980,245410,0.0
241980,255489,0.0
241980,258534,0.8006407690254356
241980,261829,0.9999999999999998
241980,265115,0.9999999999999998
241980,270713,0.0
241980,271448,0.0
241980,274004,0.0
242083,245410,-0.9999999999999998
242083,255489,0.42126273187113455
242083,258534,0.0
242083,261829,-0.05598925109558543
242083,265115,0.9999999999999998
242083,270713,0.0
242083,271448,0.0
242083,274004,-0.9999999999999998
245410,255489,-0.09759000729485333
245410,258534,0.6123724356957946
245410,261829,0.0
245410,265115,0.0
245410,270713,0.0
245410,271448,0.0
245410,274004,1.0000000000000002
255489,258534,0.0
255489,261829,0.18898223650461365
255489,265115,0.0
255489,270713,-0.9999999999999998
255489,271448,0.0
255489,274004,-0.9999999999999998
258534,261829,0.0
258534,265115,0.5000000000000001
258534,270713,0.0
258534,271448,1.0
258534,274004,0.0
261829,265115,0.0
261829,270713,1.0
261829,271448,0.0
261829,274004,0.0
265115,270713,0.0
265115,271448,0.0
265115,274004,0.0
270713,271448,-0.9999999999999998
270713,274004,0.0
271448,274004,0.0
